CEO Name,Company,GVKEY,EXECID,YEAR
Robert E. Switz,ADC TELECOMMUNICATIONS INC,1013,10203,2007
Gerard J. Arpey,AMERICAN AIRLINES GROUP INC,1045,14591,2007
Thomas W. Horton,AMERICAN AIRLINES GROUP INC,1045,26059,2012
William Douglas Parker,AMERICAN AIRLINES GROUP INC,1045,46191,2014
William Joseph Post,PINNACLE WEST CAPITAL CORP,1075,10739,2007
"Donald E. Brandt, CPA",PINNACLE WEST CAPITAL CORP,1075,5835,2009
"Miles D. White, M.B.A.",ABBOTT LABORATORIES,1078,14300,2007
Hector de Jesus Ruiz,ADVANCED MICRO DEVICES,1161,20918,2007
Derrick R. Meyer,ADVANCED MICRO DEVICES,1161,25959,2009
Thomas J. Seifert,ADVANCED MICRO DEVICES,1161,37980,2011
Rory P. Read,ADVANCED MICRO DEVICES,1161,42390,2012
"Lisa T. Su, Ph.D.",ADVANCED MICRO DEVICES,1161,37809,2015
Ronald Allan Williams,AETNA INC,1177,14660,2007
Mark Thomas Bertolini,AETNA INC,1177,31029,2011
"John P. Jones, III",AIR PRODUCTS & CHEMICALS INC,1209,12121,2007
John E. McGlade,AIR PRODUCTS & CHEMICALS INC,1209,27315,2008
Seifollah Ghasemi,AIR PRODUCTS & CHEMICALS INC,1209,46680,2015
William S. Ayer,ALASKA AIR GROUP INC,1230,14871,2007
Bradley D. Tilden,ALASKA AIR GROUP INC,1230,21308,2012
Paul J. Evanson,ALLEGHENY ENERGY INC,1279,5899,2007
David M. Cote,HONEYWELL INTERNATIONAL INC,1300,20931,2007
Darius E. Adamczyk,HONEYWELL INTERNATIONAL INC,1300,50374,2017
Scott T. Ford,ALLTEL CORP,1318,12422,2007
David J. Aldrich,SKYWORKS SOLUTIONS INC,1327,17260,2007
Liam K. Griffin,SKYWORKS SOLUTIONS INC,1327,24319,2017
Alain Juan Pablo Belda,ALCOA INC,1356,1510,2007
Klaus-Christian Kleinfeld,ALCOA INC,1356,32501,2008
John B. Hess,HESS CORP,1380,2132,2007
Norman H. Wesley,BEAM INC,1408,18590,2007
Bruce A. Carbonari,BEAM INC,1408,32493,2008
Matthew John Shattock,BEAM INC,1408,42397,2011
Michael G. Morris,AMERICAN ELECTRIC POWER CO,1440,5366,2007
Nicholas K. Akins,AMERICAN ELECTRIC POWER CO,1440,40778,2012
Kenneth I. Chenault,AMERICAN EXPRESS CO,1447,2157,2007
Stephen Joseph Squeri,AMERICAN EXPRESS CO,1447,35181,2018
Daniel Paul Amos,AFLAC INC,1449,13,2007
Robert Alan Essner,WYETH,1478,14543,2007
Bernard J. Poussot,WYETH,1478,23148,2008
Martin John Sullivan,AMERICAN INTERNATIONAL GROUP,1487,26441,2007
"Edward M. Liddy, M.B.A.",AMERICAN INTERNATIONAL GROUP,1487,3246,2008
Robert Herman Benmosche,AMERICAN INTERNATIONAL GROUP,1487,20972,2010
Peter D. Hancock,AMERICAN INTERNATIONAL GROUP,1487,18477,2015
Brian Charles Duperreault,AMERICAN INTERNATIONAL GROUP,1487,22916,2017
Frederic M. Poses,TRANE INC,1567,1768,2007
Frank S. Hermance,AMETEK INC,1598,4252,2007
David A. Zapico,AMETEK INC,1598,26399,2016
Kevin W. Sharer,AMGEN INC,1602,1542,2007
Robert A. Bradway,AMGEN INC,1602,33199,2012
Jerald G. Fishman,ANALOG DEVICES,1632,3976,2007
Vincent T. Roche,ANALOG DEVICES,1632,32412,2013
Eugene M. Isenberg,NABORS INDUSTRIES LTD,1661,4037,2007
Anthony G. Petrello,NABORS INDUSTRIES LTD,1661,4038,2012
"August A. Busch, IV",ANHEUSER-BUSCH COS INC,1663,23054,2007
G. Steven Farris,APACHE CORP,1678,3994,2007
"John J. Christmann, IV",APACHE CORP,1678,47228,2015
Steven P. Jobs,APPLE INC,1690,14302,2007
Timothy D. Cook,APPLE INC,1690,11717,2012
Michael R. Splinter,APPLIED MATERIALS INC,1704,25876,2007
Gary E. Dickerson,APPLIED MATERIALS INC,1704,13932,2014
Patricia A. Woertz,ARCHER-DANIELS-MIDLAND CO,1722,24742,2007
Juan Ricardo Luciano,ARCHER-DANIELS-MIDLAND CO,1722,41788,2015
James J. OBrien,ASHLAND GLOBAL HOLDINGS INC,1794,20400,2007
William A. Wulfsohn,ASHLAND GLOBAL HOLDINGS INC,1794,35079,2015
"John William Somerhalder, II",SOUTHERN CO GAS,1837,12438,2007
Carl Bass,AUTODESK INC,1878,24798,2007
Amar Hanspal,AUTODESK INC,1878,44608,2017
Andrew Anagnost,AUTODESK INC,1878,49611,2018
Gary C. Butler,AUTOMATIC DATA PROCESSING,1891,2385,2007
Carlos A. Rodriguez,AUTOMATIC DATA PROCESSING,1891,36251,2012
Dean A. Scarborough,AVERY DENNISON CORP,1913,18509,2007
Mitchell R. Butier,AVERY DENNISON CORP,1913,40785,2016
Andrea Jung,AVON PRODUCTS,1920,14570,2007
Sherilyn S. D. McCoy,AVON PRODUCTS,1920,36936,2012
Jan Zijderveld,AVON PRODUCTS,1920,56363,2018
Chadwick C. Deaton,BAKER HUGHES INC,1976,24905,2007
Martin S. Craighead,BAKER HUGHES INC,1976,35068,2012
Roderick Christie,BAKER HUGHES INC,1976,56603,2018
Roy David Hoover,BALL CORP,1988,10850,2007
John A. Hayes,BALL CORP,1988,30913,2011
"Mayo A. Shattuck, III",CONSTELLATION ENERGY GRP INC,1995,6462,2007
Robert P. Kelly,BANK OF NEW YORK MELLON CORP,2019,24419,2007
Gerald Lee Hassell,BANK OF NEW YORK MELLON CORP,2019,14581,2012
Charles W. Scharf,BANK OF NEW YORK MELLON CORP,2019,20948,2018
Timothy M. Ring,BARD (C.R.) INC,2044,10441,2007
"Robert L. Parkinson, Jr.",BAXTER INTERNATIONAL INC,2086,14299,2007
Jos E. Almeida,BAXTER INTERNATIONAL INC,2086,26835,2016
Edward J. Ludwig,BECTON DICKINSON & CO,2111,10110,2007
Vincent A. Forlenza,BECTON DICKINSON & CO,2111,20526,2012
Ivan G. Seidenberg,VERIZON COMMUNICATIONS INC,2136,1131,2007
Lowell C. McAdam,VERIZON COMMUNICATIONS INC,2136,32564,2012
Hans E. Vestberg,VERIZON COMMUNICATIONS INC,2136,52465,2019
Jeffrey H. Curler,BEMIS CO INC,2154,2539,2007
Henry J. Theisen,BEMIS CO INC,2154,24536,2008
William F. Austen,BEMIS CO INC,2154,27690,2015
Warren E. Buffett,BERKSHIRE HATHAWAY,2176,125,2007
Bradbury H. Anderson,BEST BUY CO INC,2184,6175,2007
Brian J. Dunn,BEST BUY CO INC,2184,28397,2009
Hubert Joly,BEST BUY CO INC,2184,44610,2012
Corie Sue Barry,BEST BUY CO INC,2184,51370,2019
Jeffrey R. Binder,BIOMET INC,2230,32128,2007
Nolan D. Archibald,BLACK & DECKER CORP,2255,134,2007
Mark A. Ernst,BLOCK H & R INC,2269,17274,2007
Russell P. Smyth,BLOCK H & R INC,2269,36175,2008
Alan Munro Bennett,BLOCK H & R INC,2269,24433,2010
William C. Cobb,BLOCK H & R INC,2269,23593,2011
"Jeffrey J. Jones, II",BLOCK H & R INC,2269,44619,2018
Daniel W. Rabun,VALARIS PLC,2270,31080,2007
Carl G. Trowell,VALARIS PLC,2270,47239,2014
Thomas P. Burke,VALARIS PLC,2270,40891,2019
"W. James McNerney, Jr.",BOEING CO,2285,23288,2007
Dennis A. Muilenburg,BOEING CO,2285,42427,2015
Sammy K. Duncan,OFFICEMAX INC,2290,15349,2007
Ravichandra K. Saligram,OFFICEMAX INC,2290,34808,2011
"Harold Max Messmer, Jr.",ROBERT HALF INTL INC,2312,12308,2007
James Milton Cornelius,BRISTOL-MYERS SQUIBB CO,2403,2774,2007
Lamberto Andreotti,BRISTOL-MYERS SQUIBB CO,2403,30945,2010
Giovanni Caforio,BRISTOL-MYERS SQUIBB CO,2403,45376,2016
Paul C. Varga,BROWN FORMAN CORP,2435,27109,2007
Dustan E. McCoy,BRUNSWICK CORP,2444,14479,2007
Mark D. Schwabero,BRUNSWICK CORP,2444,3037,2016
David M. Foulkes,BRUNSWICK CORP,2444,55800,2019
Matthew K. Rose,BURLINGTON NORTHERN SANTA FE,2490,16288,2007
Joseph W. McGrath,UNISYS CORP,2504,18654,2007
J. Edward Coleman,UNISYS CORP,2504,31412,2009
Peter A. Altabef,UNISYS CORP,2504,40254,2015
H. Edward Hanway,CIGNA CORP,2547,10499,2007
David Michael Cordani,CIGNA CORP,2547,29332,2010
Michael Jon Ward,CSX CORP,2574,23192,2007
"E. Hunter Harrison, LL.D.",CSX CORP,2574,488,2017
James M. Foote,CSX CORP,2574,54900,2018
Douglas R. Conant,CAMPBELL SOUP CO,2663,12560,2007
Denise Mullen Morrison,CAMPBELL SOUP CO,2663,34167,2012
Mark A. Clouse,CAMPBELL SOUP CO,2663,46069,2019
"Robert S. Sands, II",CONSTELLATION BRANDS,2710,13570,2007
William A. Newlands,CONSTELLATION BRANDS,2710,42398,2019
Ronal Kerry Clark,CARDINAL HEALTH INC,2751,20200,2007
George S. Barrett,CARDINAL HEALTH INC,2751,6395,2010
Michael C. Kaufmann,CARDINAL HEALTH INC,2751,40450,2019
Robert B. McGehee,PROGRESS ENERGY INC,2783,16729,2007
William Dean Johnson,PROGRESS ENERGY INC,2783,21202,2008
James W. Owens,CATERPILLAR INC,2817,10422,2007
Douglas Ray Oberhelman,CATERPILLAR INC,2817,23001,2010
"D. James Umpleby, III",CATERPILLAR INC,2817,45691,2017
Timothy R. Eller,CENTEX CORP,2845,3852,2007
"Glen F. Post, III",CENTURYLINK INC,2884,190,2007
Jeffrey K. Storey,CENTURYLINK INC,2884,24668,2018
James Dimon,JPMORGAN CHASE & CO,2968,3766,2007
David J. O'Reilly,CHEVRON CORP,2991,14687,2007
John S. Watson,CHEVRON CORP,2991,23369,2010
Michael K. Wirth,CHEVRON CORP,2991,41140,2018
John Daniel Finnegan,CHUBB CORP,3024,21503,2007
James R. Craigie,CHURCH & DWIGHT INC,3026,28032,2007
Matthew Thomas Farrell,CHURCH & DWIGHT INC,3026,25205,2016
Philip J. Schoonover,CIRCUIT CITY STORES INC,3054,24785,2007
Scott D. Farmer,CINTAS CORP,3062,15654,2007
Mark Pitman Mays,IHEARTMEDIA INC,3105,12529,2007
Robert W. Pittman,IHEARTMEDIA INC,3105,12743,2011
Christopher William Eccleshare,IHEARTMEDIA INC,3105,42449,2012
Joseph A. Carrabba,CLEVELAND-CLIFFS INC,3107,30339,2007
Gary Bernard Halverson,CLEVELAND-CLIFFS INC,3107,46213,2014
C. Lourenco Goncalves,CLEVELAND-CLIFFS INC,3107,47250,2015
Donald R. Knauss,CLOROX CO/DE,3121,32795,2007
Benno O. Dorer,CLOROX CO/DE,3121,46422,2015
Edward Neville Isdell,COCA-COLA CO,3144,2047,2007
Muhtar Kent,COCA-COLA CO,3144,30847,2008
James Robert B. Quincey,COCA-COLA CO,3144,48576,2017
Reuben Mark,COLGATE-PALMOLIVE CO,3170,229,2007
Ian M. Cook,COLGATE-PALMOLIVE CO,3170,23250,2008
Noel R. Wallace,COLGATE-PALMOLIVE CO,3170,50870,2019
Gregory C. Case,AON PLC,3221,29734,2007
Brian L. Roberts,COMCAST CORP,3226,233,2007
"Ralph W. Babb, Jr.",COMERICA INC,3231,5070,2007
Curtis Chatman Farmer,COMERICA INC,3231,36815,2019
"Charles Prince, III",CITIGROUP INC,3243,24398,2007
Vikram Shankar Pandit,CITIGROUP INC,3243,18214,2008
Michael L. Corbat,CITIGROUP INC,3243,40812,2013
John A. C. Swainson,CA INC,3310,28519,2007
William E. McCracken,CA INC,3310,40243,2010
Michael P. Gregoire,CA INC,3310,34661,2013
Michael W. Laphen,DXC TECHNOLOGY CO,3336,23465,2007
John Michael Lawrie,DXC TECHNOLOGY CO,3336,28295,2012
Gary M. Rodkin,CONAGRA BRANDS INC,3362,24486,2007
Sean M. Connolly,CONAGRA BRANDS INC,3362,43570,2015
Kevin G. Burke,CONSOLIDATED EDISON INC,3413,21287,2007
John J. McAvoy,CONSOLIDATED EDISON INC,3413,45701,2014
David W. Joos,CMS ENERGY CORP,3439,13125,2007
John G. Russell,CMS ENERGY CORP,3439,28223,2010
Patricia Kessler Poppe,CMS ENERGY CORP,3439,47256,2016
Kirk S. Hachigian,COOPER INDUSTRIES PLC,3497,24438,2007
A. Thomas Bender,COOPER COS INC (THE),3504,14292,2007
Robert S. Weiss,COOPER COS INC (THE),3504,14296,2008
"Albert G. White, III",COOPER COS INC (THE),3504,43851,2018
"W. Leo Kiely, III",MOLSON COORS BEVERAGE CO,3505,2140,2007
Peter S. Swinburn,MOLSON COORS BEVERAGE CO,3505,27976,2008
Mark R. Hunter,MOLSON COORS BEVERAGE CO,3505,35317,2015
Wendell P. Weeks,CORNING INC,3532,18411,2007
Angelo Robert Mozilo,COUNTRYWIDE FINANCIAL CORP,3555,9209,2007
Theodore M. Solso,CUMMINS INC,3650,2205,2007
N. Thomas Linebarger,CUMMINS INC,3650,23034,2012
"H. Lawrence Culp, Jr.",DANAHER CORP,3735,13127,2007
"Thomas P. Joyce, Jr.",DANAHER CORP,3735,32606,2015
Robert J. Ulrich,TARGET CORP,3813,2235,2007
Gregg W. Steinhafel,TARGET CORP,3813,6031,2008
Brian C. Cornell,TARGET CORP,3813,28093,2014
Robert W. Lane,DEERE & CO,3835,20675,2007
Samuel R. Allen,DEERE & CO,3835,30715,2010
Gerald Grinstein,DELTA AIR LINES INC,3851,158,2007
Richard H. Anderson,DELTA AIR LINES INC,3851,17593,2008
Edward H. Bastian,DELTA AIR LINES INC,3851,30352,2016
"Anthony F. Earley, Jr.",DTE ENERGY CO,3897,1298,2007
Gerard M. Anderson,DTE ENERGY CO,3897,14626,2011
Gerardo Norcia,DTE ENERGY CO,3897,35263,2019
Daniel M. Hamburger,ADTALEM GLOBAL EDUCATION INC,3905,25735,2007
Lisa W. Wardell,ADTALEM GLOBAL EDUCATION INC,3905,49942,2017
"William T. Dillard, II",DILLARDS INC  -CL A,3964,2332,2007
Robert A. Iger,DISNEY (WALT) CO,3980,1557,2007
David L. Bere,DOLLAR GENERAL CORP,4016,27416,2007
Richard W. Dreiling,DOLLAR GENERAL CORP,4016,21013,2008
Todd J. Vasos,DOLLAR GENERAL CORP,4016,29210,2015
"Thomas F. Farrell, II",DOMINION ENERGY INC,4029,16386,2007
"Thomas J. Quinlan, III",DONNELLEY (R R) & SONS CO,4040,28147,2007
Daniel Lee Knotts,DONNELLEY (R R) & SONS CO,4040,32673,2017
Ronald L. Hoffman,DOVER CORP,4058,24420,2007
Robert A. Livingston,DOVER CORP,4058,35267,2009
Richard Joseph Tobin,DOVER CORP,4058,55830,2018
"Andrew N. Liveris, A.O., AO",DUPONT DE NEMOURS INC,4060,26094,2007
Edward D. Breen,DUPONT DE NEMOURS INC,4060,13508,2018
Marc C. Doyle,DUPONT DE NEMOURS INC,4060,56768,2019
John D. Wren,OMNICOM GROUP,4066,6099,2007
"Charles O. Holliday, Jr.",DU PONT (E I) DE NEMOURS,4087,12571,2007
Ellen J. Kullman,DU PONT (E I) DE NEMOURS,4087,31181,2009
Edward D. Breen,DU PONT (E I) DE NEMOURS,4087,13508,2016
"James E. Rogers, Jr.",DUKE ENERGY CORP,4093,784,2007
Lynn J. Good,DUKE ENERGY CORP,4093,29043,2013
Steven W. Alesio,DUN & BRADSTREET CORP,4094,23422,2007
Sara Mathew,DUN & BRADSTREET CORP,4094,24914,2010
Robert P. Carrigan,DUN & BRADSTREET CORP,4094,45705,2014
Anthony M. Jabbour,DUN & BRADSTREET CORP,4094,49524,2019
Lewis Mark Kling,FLOWSERVE CORP,4108,21241,2007
Mark A. Blinn,FLOWSERVE CORP,4108,30102,2010
Robert Scott Rowe,FLOWSERVE CORP,4108,47540,2017
Gregory L. Summe,PERKINELMER INC,4145,16771,2007
Robert Francis Friel,PERKINELMER INC,4145,18871,2008
Antonio M. Perez,EASTMAN KODAK CO,4194,17977,2007
"Jeffrey J. Clarke, M.B.A.",EASTMAN KODAK CO,4194,23204,2014
James V. Continenza,EASTMAN KODAK CO,4194,58081,2019
Alexander M. Cutler,EATON CORP PLC,4199,2361,2007
Craig Arnold,EATON CORP PLC,4199,23116,2016
"Douglas M. Baker, Jr.",ECOLAB INC,4213,23269,2007
Douglas L. Foshee,EL PASO CORP,4242,19778,2007
David N. Farr,EMERSON ELECTRIC CO,4321,20396,2007
"Bernard J. Duroc-Danner, Ph.D.",WEATHERFORD INTL PLC,4367,15507,2007
Mark A. McCollum,WEATHERFORD INTL PLC,4367,19491,2017
Robert W. Best,ATMOS ENERGY CORP,4383,3774,2007
Kim R. Cocklin,ATMOS ENERGY CORP,4383,27387,2011
Michael E. Haefner,ATMOS ENERGY CORP,4383,40590,2018
Richard F. Smith,EQUIFAX INC,4423,29414,2007
Mark W. Begor,EQUIFAX INC,4423,55839,2018
Murry Steven Gerber,EQT CORP,4430,21318,2007
David L. Porges,EQT CORP,4430,21319,2010
Steven T. Schlotterbeck,EQT CORP,4430,35078,2017
Robert J. McNally,EQT CORP,4430,50425,2019
Peter J. Rose,EXPEDITORS INTL WASH INC,4494,11440,2007
Jeffrey S. Musser,EXPEDITORS INTL WASH INC,4494,47275,2014
Rex W. Tillerson,EXXON MOBIL CORP,4503,26689,2007
Darren W. Woods,EXXON MOBIL CORP,4503,49947,2017
William Gerald Walter,FMC CORP,4510,20951,2007
Pierre R. Brondeau,FMC CORP,4510,21033,2010
"Lewis Hay, III",NEXTERA ENERGY INC,4517,14029,2007
James L. Robo,NEXTERA ENERGY INC,4517,26058,2012
Howard R. Levine,FAMILY DOLLAR STORES,4560,13992,2007
Frederick W. Smith,FEDEX CORP,4598,341,2007
Daniel H. Mudd,FEDERAL NATIONAL MORTGA ASSN,4601,21631,2007
Michael J. Williams,FEDERAL NATIONAL MORTGA ASSN,4601,30590,2009
Timothy J. Mayopoulos,FEDERAL NATIONAL MORTGA ASSN,4601,36865,2012
Hugh R. Frater,FEDERAL NATIONAL MORTGA ASSN,4601,55847,2019
"Donald C. Wood, CPA",FEDERAL REALTY INVESTMENT TR,4605,33048,2007
Terry J. Lundgren,MACY'S INC,4611,14904,2007
Jeffrey Gennette,MACY'S INC,4611,44167,2017
Kevin T. Kabat,FIFTH THIRD BANCORP,4640,14277,2007
Gregory D. Carmichael,FIFTH THIRD BANCORP,4640,27451,2016
C. Dowd Ritter,REGIONS FINANCIAL CORP,4674,9132,2007
"O. B. Grayson Hall, Jr.",REGIONS FINANCIAL CORP,4674,27616,2010
"John M. Turner, Jr.",REGIONS FINANCIAL CORP,4674,35764,2019
Robert G. Wilmers,M & T BANK CORP,4699,362,2007
"Ren F. Jones, CPA",M & T BANK CORP,4699,30821,2018
Richard K. Davis,U S BANCORP,4723,12469,2007
Andrew Cecere,U S BANCORP,4723,21046,2017
Gerald L. Baker,FIRST HORIZON NATIONAL CORP,4737,27602,2007
D. Bryan Jordan,FIRST HORIZON NATIONAL CORP,4737,31008,2009
G. Kennedy Thompson,WACHOVIA CORP,4739,16355,2007
Alan Lee Boeckmann,FLUOR CORP,4818,18101,2007
David Thomas Seaton,FLUOR CORP,4818,35166,2011
Alan R. Mulally,FORD MOTOR CO,4839,16436,2007
"William Clay Ford, Jr.",FORD MOTOR CO,4839,23438,2014
Mark Fields,FORD MOTOR CO,4839,29617,2015
James Patrick Hackett,FORD MOTOR CO,4839,54933,2018
Howard Solomon,FOREST LABORATORIES  -CL A,4843,387,2007
"Gregory Eugene Johnson, CPA",FRANKLIN RESOURCES INC,4885,20524,2007
"J. Patrick Gallagher, Jr.",ARTHUR J GALLAGHER & CO,4973,8963,2007
Craig A. Dubow,TEGNA INC,4988,24463,2007
Gracia Catherine Martore,TEGNA INC,4988,29098,2012
David T. Lougee,TEGNA INC,4988,35203,2017
"Glenn K. Murphy, B.A., BA",GAP INC,4990,32632,2007
Arthur Peck,GAP INC,4990,35348,2015
Nicholas D. Chabraja,GENERAL DYNAMICS CORP,5046,2723,2007
Jay Lynn Johnson,GENERAL DYNAMICS CORP,5046,26000,2009
Phebe N. Novakovic,GENERAL DYNAMICS CORP,5046,42502,2013
Jeffrey R. Immelt,GENERAL ELECTRIC CO,5047,20859,2007
John L. Flannery,GENERAL ELECTRIC CO,5047,54024,2018
"H. Lawrence Culp, Jr.",GENERAL ELECTRIC CO,5047,13127,2019
Kendall J. Powell,GENERAL MILLS INC,5071,28542,2007
Jeffrey L. Harmening,GENERAL MILLS INC,5071,48004,2017
"G. Richard Wagoner, Jr.",GENERAL MOTORS CO,5073,2767,2007
"Edward E. Whitacre, Jr.",GENERAL MOTORS CO,5073,874,2010
Daniel Francis Akerson,GENERAL MOTORS CO,5073,407,2011
Mary T. Barra,GENERAL MOTORS CO,5073,44629,2014
Michael H. Jordan,ELECTRONIC DATA SYSTEMS CORP,5074,1503,2007
Thomas C. Gallagher,GENUINE PARTS CO,5125,1259,2007
Paul D. Donahue,GENUINE PARTS CO,5125,32447,2016
Marshall O. Larsen,GOODRICH CORP,5229,12402,2007
Robert J. Keegan,GOODYEAR TIRE & RUBBER CO,5234,18561,2007
Richard J. Kramer,GOODYEAR TIRE & RUBBER CO,5234,27509,2010
Richard Lee Keyser,GRAINGER (W W) INC,5256,2276,2007
James T. Ryan,GRAINGER (W W) INC,5256,24473,2008
Donald G. Macpherson,GRAINGER (W W) INC,5256,36887,2017
"David John Lesar, CPA",HALLIBURTON CO,5439,12690,2007
Jeffrey Allen Miller,HALLIBURTON CO,5439,44179,2017
Howard L. Lance,L3HARRIS TECHNOLOGIES INC,5492,23068,2007
William M. Brown,L3HARRIS TECHNOLOGIES INC,5492,37150,2012
Alfred Joseph Verrecchia,HASBRO INC,5518,1408,2007
Brian D. Goldner,HASBRO INC,5518,21212,2008
George L. Chapman,WELLTOWER INC,5543,33059,2007
Thomas J. DeRosa,WELLTOWER INC,5543,26115,2014
William R. Johnson,KRAFT HEINZ CO,5568,3847,2007
Bernardo Vieira Hees,KRAFT HEINZ CO,5568,41083,2013
Miguel Patricio,KRAFT HEINZ CO,5568,58103,2019
"Hans Christian Helmerich, III",HELMERICH & PAYNE,5581,462,2007
John W. Lindsay,HELMERICH & PAYNE,5581,30738,2014
Craig A. Rogerson,HERCULES INC,5589,23410,2007
Richard H. Lenny,HERSHEY CO,5597,16575,2007
David J. West,HERSHEY CO,5597,24535,2008
John P. Bilbrey,HERSHEY CO,5597,30900,2011
Michele Gross Buck,HERSHEY CO,5597,29187,2017
Mark Vincent Hurd,HP INC,5606,18929,2007
Leo Apotheker,HP INC,5606,42515,2011
Margaret Cushing Whitman,HP INC,5606,5706,2012
Dion J. Weisler,HP INC,5606,45434,2016
Christopher J. Nassetta,HILTON WORLDWIDE HOLDINGS,5643,31068,2012
Matthew P. Clifton,HOLLYFRONTIER CORP,5667,34764,2007
Michael C. Jennings,HOLLYFRONTIER CORP,5667,29262,2012
George J. Damiris,HOLLYFRONTIER CORP,5667,36575,2016
Francis S. Blake,HOME DEPOT INC,5680,24762,2007
Craig A. Menear,HOME DEPOT INC,5680,32642,2015
Jeffrey M. Ettinger,HORMEL FOODS CORP,5709,27334,2007
James P. Snee,HORMEL FOODS CORP,5709,50251,2017
Frits D. van Paasschen,STARWOOD HOTELS&RESORTS WRLD,5723,29791,2007
David M. McClanahan,CENTERPOINT ENERGY INC,5742,10794,2007
Scott M. Prochazka,CENTERPOINT ENERGY INC,5742,46887,2014
James Kirk Thompson,HUNT (JB) TRANSPRT SVCS INC,5783,482,2007
"John N. Roberts, III",HUNT (JB) TRANSPRT SVCS INC,5783,42519,2011
Thomas E. Hoaglin,HUNTINGTON BANCSHARES,5786,2426,2007
Stephen D. Steinour,HUNTINGTON BANCSHARES,5786,36912,2009
Steven R. Loranger,ITT INC,5860,26006,2007
Denise L. Ramos,ITT INC,5860,29390,2012
Luca Savi,ITT INC,5860,44184,2019
David B. Speer,ILLINOIS TOOL WORKS,5878,14539,2007
E. Scott Santi,ILLINOIS TOOL WORKS,5878,36914,2013
Herbert L. Henkel,TRANE TECHNOLOGIES PLC,5959,14373,2007
Michael W. Lamach,TRANE TECHNOLOGIES PLC,5959,27705,2010
Paul S. Otellini,INTEL CORP,6008,14770,2007
Brian Matthew Krzanich,INTEL CORP,6008,44188,2013
Robert H. Swan,INTEL CORP,6008,26136,2018
Samuel J. Palmisano,INTL BUSINESS MACHINES CORP,6066,16485,2007
Virginia M. Rometty,INTL BUSINESS MACHINES CORP,6066,35092,2012
Robert M. Amen,INTL FLAVORS & FRAGRANCES,6078,23216,2007
"Douglas D. Tough, B.B.A., M.B.A., MBA, BBA",INTL FLAVORS & FRAGRANCES,6078,40855,2010
Andreas Fibig,INTL FLAVORS & FRAGRANCES,6078,46900,2015
Thomas J. Matthews,INTL GAME TECHNOLOGY,6097,16031,2007
Patti Sarles Hart,INTL GAME TECHNOLOGY,6097,27231,2010
John V. Faraci,INTL PAPER CO,6104,23217,2007
Mark Stephan Sutton,INTL PAPER CO,6104,42529,2015
Michael Isor Roth,INTERPUBLIC GROUP OF COS,6136,20069,2007
Craig L. Martin,JACOBS ENGINEERING GROUP INC,6216,8568,2007
Steven J. Demetriou,JACOBS ENGINEERING GROUP INC,6216,21341,2016
William C. Weldon,JOHNSON & JOHNSON,6266,18551,2007
Alex Gorsky,JOHNSON & JOHNSON,6266,42535,2012
John M. Barth,JOHNSON CONTROLS INTL PLC,6268,1472,2007
Stephen A. Roell,JOHNSON CONTROLS INTL PLC,6268,2660,2008
Alex A. Molinaroli,JOHNSON CONTROLS INTL PLC,6268,36409,2014
George R. Oliver,JOHNSON CONTROLS INTL PLC,6268,34834,2018
Richard P. Wallace,KLA CORP,6304,25626,2007
Aylwin B. Lewis,SEARS HOLDINGS CORP,6307,24544,2007
William Bruce Johnson,SEARS HOLDINGS CORP,6307,29195,2008
Louis Joseph D'Ambrosio,SEARS HOLDINGS CORP,6307,25843,2011
Edward Scott Lampert,SEARS HOLDINGS CORP,6307,44193,2013
Richard D. Kinder,KINDER MORGAN INC,6310,1547,2007
Steven J. Kean,KINDER MORGAN INC,6310,29522,2015
Michael R. Haverty,KANSAS CITY SOUTHERN,6335,10904,2007
David L. Starling,KANSAS CITY SOUTHERN,6335,38373,2011
Patrick J. Ottensmeyer,KANSAS CITY SOUTHERN,6335,31520,2016
William B. Moore,EVERGY INC,6338,19896,2007
Mark A. Ruelle,EVERGY INC,6338,15284,2012
Terry D. Bassham,EVERGY INC,6338,22677,2018
Allan Douglas-David MacKay,KELLOGG CO,6375,23139,2007
John A. Bryant,KELLOGG CO,6375,27604,2011
Steven A. Cahillane,KELLOGG CO,6375,35072,2018
Thomas J. Falk,KIMBERLY-CLARK CORP,6435,5780,2007
Michael D. Hsu,KIMBERLY-CLARK CORP,6435,45452,2019
David B. Dillon,KROGER CO,6502,2771,2007
William Rodney McMullen,KROGER CO,6502,16568,2014
Abhijit Y. Talwalkar,LSI CORP,6529,29613,2007
Stephen G. Newberry,LAM RESEARCH CORP,6565,18574,2007
Martin B. Anstice,LAM RESEARCH CORP,6565,30439,2012
Timothy M. Archer,LAM RESEARCH CORP,6565,35353,2019
David S. Haffner,LEGGETT & PLATT INC,6649,4967,2007
Karl G. Glassman,LEGGETT & PLATT INC,6649,24457,2016
Raymond Adams Mason,LEGG MASON INC,6653,9311,2007
Mark Raymond Fetting,LEGG MASON INC,6653,27045,2008
Joseph A. Sullivan,LEGG MASON INC,6653,25030,2013
Stuart A. Miller,LENNAR CORP,6669,10425,2007
Richard Beckwitt,LENNAR CORP,6669,14262,2018
Ian M. Cumming,JEFFERIES FINANCIAL GRP INC,6682,549,2007
Richard Brian Handler,JEFFERIES FINANCIAL GRP INC,6682,16156,2013
Sidney Taurel,LILLY (ELI) & CO,6730,2773,2007
John C. Lechleiter,LILLY (ELI) & CO,6730,23011,2008
David A. Ricks,LILLY (ELI) & CO,6730,52782,2017
Leslie H. Wexner,L BRANDS INC,6733,555,2007
Jon Andrew Boscia,LINCOLN NATIONAL CORP,6742,2782,2007
Dennis Robert Glass,LINCOLN NATIONAL CORP,6742,5905,2008
William L. McComb,KATE SPADE & CO,6768,30991,2007
Craig A. Leavitt,KATE SPADE & CO,6768,47317,2014
Robert J. Stevens,LOCKHEED MARTIN CORP,6774,20910,2007
Marillyn A. Hewson,LOCKHEED MARTIN CORP,6774,40864,2013
James S. Tisch,LOEWS CORP,6781,993,2007
John Howard Pinkerton,RANGE RESOURCES CORP,6788,33712,2007
Jeffrey L. Ventura,RANGE RESOURCES CORP,6788,33713,2012
Robert Alan Niblock,LOWE'S COS INC,6829,26697,2007
Marvin R. Ellison,LOWE'S COS INC,6829,35380,2018
Glen E. Tellock,MANITOWOC CO,6994,19477,2007
Barry L. Pennypacker,MANITOWOC CO,6994,32261,2016
"Clarence P. Cazalot, Jr.",MARATHON OIL CORP,7017,14406,2007
Lee M. Tillman,MARATHON OIL CORP,7017,45458,2014
Christopher J. Nassetta,HOST HOTELS & RESORTS INC,7063,31068,2007
"W. Edward Walter, III",HOST HOTELS & RESORTS INC,7063,31069,2008
James F. Risoleo,HOST HOTELS & RESORTS INC,7063,31070,2017
Michael Griffin Cherkasky,MARSH & MCLENNAN COS,7065,16317,2007
Brian Charles Duperreault,MARSH & MCLENNAN COS,7065,22916,2008
Daniel S. Glaser,MARSH & MCLENNAN COS,7065,35309,2013
Mark F. Furlong,MARSHALL & ILSLEY CORP,7067,23111,2007
Timothy Wadhams,MASCO CORP,7085,17656,2007
Keith J. Allman,MASCO CORP,7085,47322,2014
Robert A. Eckert,MATTEL INC,7116,18517,2007
Bryan G. Stockton,MATTEL INC,7116,26626,2012
Christopher A. Sinclair,MATTEL INC,7116,49049,2015
Mary Margaret Hastings Georgiadis,MATTEL INC,7116,54979,2017
Ynon Kreiz,MATTEL INC,7116,56415,2018
Robert John Lawless,MCCORMICK & CO INC,7146,6020,2007
Alan D. Wilson,MCCORMICK & CO INC,7146,27424,2008
Lawrence E. Kurzius,MCCORMICK & CO INC,7146,30760,2016
James A. Skinner,MCDONALD'S CORP,7154,14881,2007
Donald Thompson,MCDONALD'S CORP,7154,41220,2012
Stephen J. Easterbrook,MCDONALD'S CORP,7154,47327,2015
"Harold Whittlesey McGraw, III",S&P GLOBAL INC,7163,1280,2007
"Douglas L. Peterson, M.B.A.",S&P GLOBAL INC,7163,57043,2014
John H. Hammergren,MCKESSON CORP,7171,13522,2007
Brian S. Tyler,MCKESSON CORP,7171,47940,2019
"David B. Snow, Jr.",MEDCO HEALTH SOLUTIONS INC,7186,12761,2007
"William A. Hawkins, III",MEDTRONIC PLC,7228,25312,2007
Omar S. Ishrak,MEDTRONIC PLC,7228,43432,2011
Thomas M. Ryan,CVS HEALTH CORP,7241,13499,2007
Larry J. Merlo,CVS HEALTH CORP,7241,13502,2011
Richard T. Clark,MERCK & CO,7257,28108,2007
Kenneth C. Frazier,MERCK & CO,7257,29095,2011
Stephen M. Lacy,MEREDITH CORP,7260,17849,2007
Thomas H. Harty,MEREDITH CORP,7260,42122,2019
Ernest Stanley O'Neal,MERRILL LYNCH & CO INC,7267,14272,2007
Steven R. Appleton,MICRON TECHNOLOGY INC,7343,5088,2007
D. Mark Durcan,MICRON TECHNOLOGY INC,7343,15930,2012
Sanjay Mehrotra,MICRON TECHNOLOGY INC,7343,21604,2018
J. Wayne Leonard,ENTERGY CORP,7366,3091,2007
Leo P. Denault,ENTERGY CORP,7366,27714,2013
"Martin D. Madaus, Ph.D.",MILLIPORE CORP,7409,29299,2007
George W. Buckley,3M CO,7435,16459,2007
"Inge G. Thulin, M.B.A.",3M CO,7435,32590,2012
Michael F. Roman,3M CO,7435,50471,2018
Martin P. Slark,MOLEX INC,7506,15971,2007
Edward J. Zander,MOTOROLA SOLUTIONS INC,7585,3309,2007
Gregory Q. Brown,MOTOROLA SOLUTIONS INC,7585,18593,2008
"Sanjay K. Jha, Ph.D., B.E.",MOTOROLA SOLUTIONS INC,7585,25842,2009
Claiborne P. Deming,MURPHY OIL CORP,7620,5134,2007
David M. Wood,MURPHY OIL CORP,7620,32703,2009
Steven A. Coss,MURPHY OIL CORP,7620,535,2012
Roger W. Jenkins,MURPHY OIL CORP,7620,38446,2014
Robert J. Coury,MYLAN NV,7637,24999,2007
Heather Bresch,MYLAN NV,7637,33212,2012
Kenneth D. Lewis,BANK OF AMERICA CORP,7647,3028,2007
Brian Thomas Moynihan,BANK OF AMERICA CORP,7647,25970,2010
William R. Nuti,NCR CORP,7648,26171,2007
"Michael Dale Hayford, CPA",NCR CORP,7648,30883,2018
"Peter E. Raskind, Jr.",NATIONAL CITY CORP,7711,24503,2007
Trevor Fetter,TENET HEALTHCARE CORP,7750,11923,2007
Biggs Cunningham Porter,TENET HEALTHCARE CORP,7750,31028,2012
Ronald A. Rittenmeyer,TENET HEALTHCARE CORP,7750,10464,2018
Brian L. Halla,NATIONAL SEMICONDUCTOR CORP,7772,4995,2007
Donald MacLeod,NATIONAL SEMICONDUCTOR CORP,7772,11859,2009
Janet L. Robinson,NEW YORK TIMES CO  -CL A,7866,16305,2007
"Arthur O. Sulzberger, Jr.",NEW YORK TIMES CO  -CL A,7866,2931,2012
Mark J. T. Thompson,NEW YORK TIMES CO  -CL A,7866,43911,2013
Mark D. Ketchum,NEWELL BRANDS INC,7875,25702,2007
Michael B. Polk,NEWELL BRANDS INC,7875,42583,2012
"Richard T. OBrien, B.A., J.D.",NEWMONT CORP,7881,14677,2007
Gary J. Goldberg,NEWMONT CORP,7881,43913,2013
Russ Martin Strobel,NICOR INC,7904,23247,2007
Mark G. Parker,NIKE INC  -CL B,7906,3048,2007
Charles D. Davidson,NOBLE ENERGY INC,7912,14597,2007
David L. Stover,NOBLE ENERGY INC,7912,27712,2015
Blake W. Nordstrom,NORDSTROM INC,7922,16693,2007
Erik B. Nordstrom,NORDSTROM INC,7922,16694,2018
"Charles W. Moorman, IV",NORFOLK SOUTHERN CORP,7923,21199,2007
James A. Squires,NORFOLK SOUTHERN CORP,7923,32705,2015
Charles W. Shivery,EVERSOURCE ENERGY,7970,5700,2007
Thomas J. May,EVERSOURCE ENERGY,7970,19098,2012
James J. Judge,EVERSOURCE ENERGY,7970,19100,2016
"Robert C. Skaggs, Jr.",NISOURCE INC,7974,13173,2007
Joseph J. Hamrock,NISOURCE INC,7974,44225,2015
Richard C. Kelly,XCEL ENERGY INC,7977,4729,2007
"Benjamin Gwynn Stonestreet Fowke, III",XCEL ENERGY INC,7977,29584,2012
"William A. Osborn, M.B.A.",NORTHERN TRUST CORP,7982,4228,2007
Frederick H. Waddell,NORTHERN TRUST CORP,7982,27589,2008
Michael G. OGrady,NORTHERN TRUST CORP,7982,42590,2018
Ronald D. Sugar,NORTHROP GRUMMAN CORP,7985,16364,2007
Wesley G. Bush,NORTHROP GRUMMAN CORP,7985,29729,2010
Kathy J. Warden,NORTHROP GRUMMAN CORP,7985,49074,2019
Ronald M. DeFeo,TEREX CORP,7991,31033,2007
"John L. Garrison, Jr.",TEREX CORP,7991,49075,2016
Richard M. Kovacevich,WELLS FARGO & CO,8007,1328,2007
John G. Stumpf,WELLS FARGO & CO,8007,24449,2008
"Timothy J. Sloan, M.B.A.",WELLS FARGO & CO,8007,42593,2017
C. Allen Parker,WELLS FARGO & CO,8007,57809,2019
Daniel R. DiMicco,NUCOR CORP,8030,5896,2007
John J. Ferriola,NUCOR CORP,8030,26034,2013
Ray R. Irani,OCCIDENTAL PETROLEUM CORP,8068,702,2007
Stephen I. Chazen,OCCIDENTAL PETROLEUM CORP,8068,14382,2011
Vicki A. Hollub,OCCIDENTAL PETROLEUM CORP,8068,46923,2016
Anthony J. Alexander,FIRSTENERGY CORP,8099,3342,2007
"Charles E. Jones, Jr.",FIRSTENERGY CORP,8099,41238,2015
John W. Gibson,ONEOK INC,8151,23533,2007
Terry K. Spencer,ONEOK INC,8151,38486,2014
Albert P. L. Stroucken,O-I GLASS INC,8215,16286,2007
Andres Alberto Lopez,O-I GLASS INC,8215,47348,2016
James E. Rohr,PNC FINANCIAL SVCS GROUP INC,8245,1311,2007
William S. Demchak,PNC FINANCIAL SVCS GROUP INC,8245,24423,2013
Charles E. Bunch,PPG INDUSTRIES INC,8247,16311,2007
Michael H. McGarry,PPG INDUSTRIES INC,8247,40879,2016
Mark C. Pigott,PACCAR INC,8253,3437,2007
"Ronald E. Armstrong, CPA",PACCAR INC,8253,37023,2014
R. Preston Feight,PACCAR INC,8253,55906,2019
Peter A. Darbee,PG&E CORP,8264,20327,2007
C. Lee Cox,PG&E CORP,8264,1581,2011
"Anthony F. Earley, Jr.",PG&E CORP,8264,1298,2012
Geisha J. Williams,PG&E CORP,8264,49082,2017
William Dean Johnson,PG&E CORP,8264,21202,2019
Donald E. Felsinger,SEMPRA ENERGY,8272,1998,2007
Debra Lynn Reed-Klages,SEMPRA ENERGY,8272,10727,2011
Jeffrey Walker Martin,SEMPRA ENERGY,8272,54123,2018
Eric Krasnoff,PALL CORP,8304,3500,2007
Lawrence D. Kingsley,PALL CORP,8304,27464,2012
Donald E. Washkewicz,PARKER-HANNIFIN CORP,8358,23195,2007
Thomas L. Williams,PARKER-HANNIFIN CORP,8358,40465,2016
Jonathan J. Judge,PAYCHEX INC,8402,28725,2007
Martin Mucci,PAYCHEX INC,8402,27162,2010
"Myron E. Ullman, III",PENNEY (J C) CO,8446,28166,2007
Ronald B. Johnson,PENNEY (J C) CO,8446,20856,2012
Marvin R. Ellison,PENNEY (J C) CO,8446,35380,2016
Jill Ann Soltau,PENNEY (J C) CO,8446,56441,2019
James H. Miller,PPL CORP,8455,24442,2007
William H. Spence,PPL CORP,8455,27917,2012
"Randall J. Hogan, III",PENTAIR PLC,8463,18547,2007
John L. Stauch,PENTAIR PLC,8463,33339,2018
"Indra K. Nooyi, M.P.P.M.",PEPSICO INC,8479,18812,2007
Ramon Luis Laguarta,PEPSICO INC,8479,48640,2019
Tony L. White,APPLIED BIOSYSTEMS INC,8488,1555,2007
"Jeffrey B. Kindler, J.D.",PFIZER INC,8530,14882,2007
Ian C. Read,PFIZER INC,8530,30886,2011
"Albert Bourla, D.V.M., DVM, Ph.D.",PFIZER INC,8530,50499,2019
John W. Rowe,EXELON CORP,8539,675,2007
Christopher Mark Crane,EXELON CORP,8539,32586,2011
"Louis C. Camilleri, BA",ALTRIA GROUP INC,8543,14417,2007
Michael E. Szymanczyk,ALTRIA GROUP INC,8543,16361,2008
Martin J. Barrington,ALTRIA GROUP INC,8543,35355,2012
"Howard A. Willard, III, BA (Hons), MBA",ALTRIA GROUP INC,8543,42620,2018
James J. Mulva,CONOCOPHILLIPS,8549,5960,2007
Ryan M. Lance,CONOCOPHILLIPS,8549,38529,2012
Emanuel Chirico,PVH CORP,8551,19333,2007
Murray D. Martin,PITNEY BOWES INC,8606,16723,2007
Marc B. Lautenbach,PITNEY BOWES INC,8606,44248,2013
Dennis R. Wraase,PEPCO HOLDINGS INC,8694,4704,2007
Joseph M. Rigby,PEPCO HOLDINGS INC,8694,27916,2009
Mark Donegan,PRECISION CASTPARTS CORP,8717,4714,2007
Alan George Lafley,PROCTER & GAMBLE CO,8762,15843,2007
Robert A. McDonald,PROCTER & GAMBLE CO,8762,30172,2010
David S. Taylor,PROCTER & GAMBLE CO,8762,48233,2016
"Ralph Izzo, Ph.D.",PUBLIC SERVICE ENTRP GRP INC,8810,28439,2007
"Richard J. Dugas, Jr.",PULTEGROUP INC,8823,24550,2007
Ryan R. Marshall,PULTEGROUP INC,8823,47359,2017
Keith O. Rattie,QUESTAR CORP,8873,23492,2007
Ronald W. Jibson,QUESTAR CORP,8873,41851,2010
"Thomas Alan James, Esq., J.D.",RAYMOND JAMES FINANCIAL CORP,8898,8606,2007
Paul Christopher Reilly,RAYMOND JAMES FINANCIAL CORP,8898,23614,2010
William H. Swanson,RAYTHEON CO,8972,3114,2007
Thomas A. Kennedy,RAYTHEON CO,8972,45784,2014
Michael J. Jackson,AUTONATION INC,9063,20766,2007
Cheryl Scully Miller,AUTONATION INC,9063,47361,2019
Keith D. Nosbusch,ROCKWELL AUTOMATION,9203,17969,2007
Blake D. Moret,ROCKWELL AUTOMATION,9203,45195,2017
Rajiv Lochan Gupta,ROHM AND HAAS CO,9217,14628,2007
Gary W. Rollins,ROLLINS INC,9225,4889,2007
Michael Balmuth,ROSS STORES INC,9248,7208,2007
Barbara Rentler,ROSS STORES INC,9248,29711,2014
Daniel F. McNease,ROWAN COMPANIES PLC,9258,3175,2007
W. Matthew Ralls,ROWAN COMPANIES PLC,9258,19189,2009
Thomas P. Burke,ROWAN COMPANIES PLC,9258,40891,2014
Gregory T. Swienton,RYDER SYSTEM INC,9299,12393,2007
Robert E. Sanchez,RYDER SYSTEM INC,9299,32681,2013
Paula G. Rosput Reynolds,SAFECO CORP,9351,27829,2007
Steven A. Burd,SAFEWAY INC,9359,826,2007
Robert L. Edwards,SAFEWAY INC,9359,17066,2013
Daniel J. Starks,ST JUDE MEDICAL INC,9372,14772,2007
Michael T. Rousseau,ST JUDE MEDICAL INC,9372,23306,2015
Brenda C. Barnes,HILLSHIRE BRANDS CO,9411,28782,2007
Marcel H. M. Smits,HILLSHIRE BRANDS CO,9411,40467,2011
Sean M. Connolly,HILLSHIRE BRANDS CO,9411,43570,2012
William B. Timmerman,SCANA CORP,9445,4138,2007
Kevin B. Marsh,SCANA CORP,9445,14815,2012
Fred Hassan,SCHERING-PLOUGH,9459,2172,2007
"Andrew F. J. Gould, B.A., F.C.A., BA, FCA",SCHLUMBERGER LTD,9465,16308,2007
Paal Kibsgaard,SCHLUMBERGER LTD,9465,37088,2012
William V. Hickey,SEALED AIR CORP,9555,4217,2007
Jerome A. Peribere,SEALED AIR CORP,9555,44256,2013
"Edward L. Doheny, II",SEALED AIR CORP,9555,32389,2018
Christopher M. Connor,SHERWIN-WILLIAMS CO,9667,14331,2007
John G. Morikis,SHERWIN-WILLIAMS CO,9667,20868,2016
"Jai P. Nagarkatti, Ph.D.",SIGMA-ALDRICH CORP,9699,23291,2007
Rakesh Sachdev,SIGMA-ALDRICH CORP,9699,30603,2011
Paul W. Jones,SMITH (A.O.),9771,11669,2007
Ajita G. Rajendra,SMITH (A.O.),9771,30390,2012
Kevin J. Wheeler,SMITH (A.O.),9771,46941,2018
Douglas L. Rock,SMITH INTERNATIONAL INC,9772,4311,2007
John Yearwood,SMITH INTERNATIONAL INC,9772,40102,2009
Timothy P. Smucker,SMUCKER (JM) CO,9777,4330,2007
Richard K. Smucker,SMUCKER (JM) CO,9777,4331,2012
Mark T. Smucker,SMUCKER (JM) CO,9777,41857,2016
Jack D. Michaels,SNAP-ON INC,9778,472,2007
Nicholas T. Pinchuk,SNAP-ON INC,9778,24380,2008
"Henry L. Meyer, III",KEYCORP,9783,3725,2007
Beth E. Mooney,KEYCORP,9783,23128,2011
John E. Bryson,EDISON INTERNATIONAL,9846,833,2007
"Theodore F. Craver, Jr.",EDISON INTERNATIONAL,9846,21430,2009
Pedro J. Pizarro,EDISON INTERNATIONAL,9846,35156,2017
David M. Ratcliffe,SOUTHERN CO,9850,19239,2007
Thomas A. Fanning,SOUTHERN CO,9850,26831,2011
Gary C. Kelly,SOUTHWEST AIRLINES,9882,19108,2007
Randall L. Stephenson,AT&T INC,9899,27541,2007
Harold M. Korell,SOUTHWESTERN ENERGY CO,9904,14888,2007
Steven L. Mueller,SOUTHWESTERN ENERGY CO,9904,35280,2009
William J. Way,SOUTHWESTERN ENERGY CO,9904,42651,2016
John F. Lundgren,STANLEY BLACK & DECKER INC,10016,12485,2007
James M. Loree,STANLEY BLACK & DECKER INC,10016,18649,2017
Ronald E. Logue,STATE STREET CORP,10035,14316,2007
"Joseph L. Hooley, Esq.",STATE STREET CORP,10035,29123,2010
Ronald Philip OHanley,STATE STREET CORP,10035,23041,2019
"Ronald L. Havner, Jr.",PUBLIC STORAGE,10096,26652,2007
"Joseph D. Russell, Jr.",PUBLIC STORAGE,10096,21059,2019
Stephen P. MacMillan,STRYKER CORP,10115,25904,2007
Curt R. Hartman,STRYKER CORP,10115,35233,2012
Kevin A. Lobo,STRYKER CORP,10115,42656,2013
"Charles Elliott Andrews, C.E.",NAVIENT CORP,10121,29627,2007
Albert L. Lord,NAVIENT CORP,10121,1586,2008
John F. Remondi,NAVIENT CORP,10121,23367,2011
John G. Drosdick,SUNOCO INC,10156,12913,2007
Lynn Laverty Elsenhans,SUNOCO INC,10156,35189,2008
"James M. Wells, III",SUNTRUST BANKS INC,10187,5291,2007
"William Henry Rogers, Jr.",SUNTRUST BANKS INC,10187,30814,2012
Jeffrey Noddle,SUPERVALU INC,10190,3330,2007
Craig R. Herkert,SUPERVALU INC,10190,40104,2009
Wayne C. Sales,SUPERVALU INC,10190,44800,2012
Sammy K. Duncan,SUPERVALU INC,10190,15349,2013
Mark Gross,SUPERVALU INC,10190,49846,2016
Richard J. Schnieders,SYSCO CORP,10247,13949,2007
"William J. DeLaney, III",SYSCO CORP,10247,34164,2010
Thomas L. Ben,SYSCO CORP,10247,46469,2019
Sherrill Wayne Hudson,TECO ENERGY INC,10277,27640,2007
John Braulio Ramil,TECO ENERGY INC,10277,16309,2011
Julian C. Day,RS LEGACY CORP,10332,1772,2007
James Frederick Gooch,RS LEGACY CORP,10332,31128,2011
Joseph C. Magnacca,RS LEGACY CORP,10332,43696,2013
L. Patrick Hassey,ALLEGHENY TECHNOLOGIES INC,10405,16265,2007
Richard J. Harshman,ALLEGHENY TECHNOLOGIES INC,10405,23149,2011
Robert S. Wetherbee,ALLEGHENY TECHNOLOGIES INC,10405,45909,2019
Jeffrey P. Black,TELEFLEX INC,10407,23463,2007
Benson F. Smith,TELEFLEX INC,10407,2465,2011
Liam J. Kelly,TELEFLEX INC,10407,44272,2018
Krish A. Prabhu,TELLABS INC,10420,27664,2007
Robert W. Pullen,TELLABS INC,10420,35197,2008
"Kenneth Michael Jastrow, II",TEMPLE-INLAND INC,10426,3424,2007
Doyle R. Simons,TEMPLE-INLAND INC,10426,30990,2008
Michael A. Bradley,TERADYNE INC,10453,14965,2007
Mark E. Jagiela,TERADYNE INC,10453,29787,2014
Bruce A. Smith,ANDEAVOR,10466,33938,2007
Gregory J. Goff,ANDEAVOR,10466,40904,2010
Richard K. Templeton,TEXAS INSTRUMENTS INC,10499,14274,2007
"Charles John Wilder, Jr.",ENERGY FUTURE HOLDINGS CORP,10507,18930,2007
John Frederick Young,ENERGY FUTURE HOLDINGS CORP,10507,29712,2008
Lewis B. Campbell,TEXTRON INC,10519,1561,2007
Scott C. Donnelly,TEXTRON INC,10519,35146,2010
Marijn E. Dekkers,THERMO FISHER SCIENTIFIC INC,10530,21489,2007
Marc N. Casper,THERMO FISHER SCIENTIFIC INC,10530,24727,2010
Mark S. McAndrew,GLOBE LIFE INC,10614,16336,2007
Larry Mac Hutchison,GLOBE LIFE INC,10614,29066,2012
Gary Lee Coleman,GLOBE LIFE INC,10614,18806,2016
Philip W. Tomlinson,TOTAL SYSTEM SERVICES INC,10631,12464,2007
M. Troy Woods,TOTAL SYSTEM SERVICES INC,10631,12466,2015
Dennis J. FitzSimons,TRIBUNE MEDIA CO,10726,5957,2007
Peter Liguori,TRIBUNE MEDIA CO,10726,41499,2013
Peter Maxwell Kern,TRIBUNE MEDIA CO,10726,54178,2017
Edward D. Breen,TYCO INTERNATIONAL PLC,10787,13508,2007
George R. Oliver,TYCO INTERNATIONAL PLC,10787,34834,2013
Richard L. Bond,TYSON FOODS INC  -CL A,10793,6153,2007
Leland E. Tollett,TYSON FOODS INC  -CL A,10793,957,2009
Donnie Smith,TYSON FOODS INC  -CL A,10793,34756,2010
Thomas P. Hayes,TYSON FOODS INC  -CL A,10793,43572,2017
Noel White,TYSON FOODS INC  -CL A,10793,40620,2019
Glenn F. Tilton,UNITED AIRLINES HOLDINGS INC,10795,12643,2007
Jeffery A. Smisek,UNITED AIRLINES HOLDINGS INC,10795,41273,2011
Oscar Munoz,UNITED AIRLINES HOLDINGS INC,10795,26145,2016
Gary L. Rainwater,AMEREN CORP,10860,16412,2007
Thomas R. Voss,AMEREN CORP,10860,25977,2009
"Warner L. Baxter, CPA, CPA",AMEREN CORP,10860,24413,2014
James R. Young,UNION PACIFIC CORP,10867,20835,2007
John J. Koraleski,UNION PACIFIC CORP,10867,27629,2012
Lance M. Fritz,UNION PACIFIC CORP,10867,42680,2015
Thomas W. Toomey,UDR INC,10894,24862,2007
Stephen J. Hemsley,UNITEDHEALTH GROUP INC,10903,16998,2007
David Scott Wichmann,UNITEDHEALTH GROUP INC,10903,28472,2018
Michael L. Eskew,UNITED PARCEL SERVICE INC,10920,21067,2007
"D. Scott Davis, CPA, CPA",UNITED PARCEL SERVICE INC,10920,27633,2008
David P. Abney,UNITED PARCEL SERVICE INC,10920,29227,2015
Murray S. Kessler,UST INC,10974,20959,2007
George David,RAYTHEON TECHNOLOGIES CORP,10983,1180,2007
Louis R. Chenevert,RAYTHEON TECHNOLOGIES CORP,10983,21001,2008
Gregory J. Hayes,RAYTHEON TECHNOLOGIES CORP,10983,30791,2015
Gary D. Forsee,SPRINT CORP,10984,10525,2007
Daniel R. Hesse,SPRINT CORP,10984,29161,2008
Raul Marcelo Claure,SPRINT CORP,10984,48015,2014
Michel Combes,SPRINT CORP,10984,55446,2018
Alan B. Miller,UNIVERSAL HEALTH SVCS INC,11032,8337,2007
Mackey J. McDonald,VF CORP,11060,1508,2007
Eric C. Wiseman,VF CORP,11060,23160,2008
Steven E. Rendle,VF CORP,11060,42686,2017
Timothy E. Guertin,VARIAN MEDICAL SYSTEMS INC,11115,18195,2007
Dow R. Wilson,VARIAN MEDICAL SYSTEMS INC,11115,28956,2013
Steven Roth,VORNADO REALTY TRUST,11220,28686,2007
Michael D. Fascitelli,VORNADO REALTY TRUST,11220,28687,2009
Donald M. James,VULCAN MATERIALS CO,11228,11011,2007
James Thomas Hill,VULCAN MATERIALS CO,11228,45812,2015
"H. Lee Scott, Jr.",WALMART INC,11259,15154,2007
Michael Terry Duke,WALMART INC,11259,24746,2009
C. Douglas McMillon,WALMART INC,11259,35687,2014
Jeffrey A. Rein,WALGREENS BOOTS ALLIANCE INC,11264,24162,2007
Gregory David Wasson,WALGREENS BOOTS ALLIANCE INC,11264,30581,2009
Stefano Pessina,WALGREENS BOOTS ALLIANCE INC,11264,48361,2015
Donald E. Graham,GRAHAM HOLDINGS CO,11300,1018,2007
Timothy J. OShaughnessy,GRAHAM HOLDINGS CO,11300,47387,2016
"Kerrii B. Anderson, CPA, CPA",WENDY'S INTERNATIONAL INC,11366,23137,2007
Arif Shakeel,WESTERN DIGITAL CORP,11399,20185,2007
John F. Coyne,WESTERN DIGITAL CORP,11399,30639,2008
Stephen D. Milligan,WESTERN DIGITAL CORP,11399,28834,2014
"John Anderson Luke, Jr.",MEADWESTVACO CORP,11446,1471,2007
Steven R. Rogel,WEYERHAEUSER CO,11456,1396,2007
Daniel S. Fulton,WEYERHAEUSER CO,11456,27475,2008
Doyle R. Simons,WEYERHAEUSER CO,11456,30990,2014
"Devin W. Stockfish, Esq., J.D.",WEYERHAEUSER CO,11456,56484,2019
Jeffrey M. Fettig,WHIRLPOOL CORP,11465,14379,2007
Marc Robert Bitzer,WHIRLPOOL CORP,11465,32458,2018
Steven J. Malcolm,WILLIAMS COS INC,11506,23887,2007
Alan S. Armstrong,WILLIAMS COS INC,11506,29764,2011
Gale E. Klappa,WEC ENERGY GROUP INC,11550,24664,2007
Allen Lewis Leverett,WEC ENERGY GROUP INC,11550,26265,2016
Joseph Kevin Fletcher,WEC ENERGY GROUP INC,11550,50531,2019
William Douglas Harvey,ALLIANT ENERGY CORP,11554,5256,2007
Patricia Leonard Kampling,ALLIANT ENERGY CORP,11554,38717,2012
John O. Larsen,ALLIANT ENERGY CORP,11554,42703,2019
Larry Lee Weyers,INTEGRYS HOLDING INC,11555,22947,2007
Charles Alvin Schrock,INTEGRYS HOLDING INC,11555,26524,2009
Matthew D. Serra,FOOT LOCKER INC,11584,22257,2007
Kenneth C. Hicks,FOOT LOCKER INC,11584,19321,2010
Richard A. Johnson,FOOT LOCKER INC,11584,11360,2015
William D. Perez,WRIGLEY (WM) JR CO,11609,28545,2007
Anne M. Mulcahy,XEROX HOLDINGS CORP,11636,19242,2007
Ursula M. Burns,XEROX HOLDINGS CORP,11636,23451,2009
Jeffrey Jacobson,XEROX HOLDINGS CORP,11636,47395,2017
Giovanni G. Visentin,XEROX HOLDINGS CORP,11636,43877,2018
Carol M. Meyrowitz,TJX COS INC (THE),11672,21481,2007
Ernie L. Herrman,TJX COS INC (THE),11672,32700,2016
Harris Henry Simmons,ZIONS BANCORPORATION NA,11687,7587,2007
John F. Prim,HENRY (JACK) & ASSOCIATES,11811,25643,2007
David B. Foss,HENRY (JACK) & ASSOCIATES,11811,48239,2017
James Elliot Cayne,BEAR STEARNS COMPANIES INC,11818,114,2007
"John A. Allison, IV",TRUIST FINANCIAL CORP,11856,113,2007
Kelly Stuart King,TRUIST FINANCIAL CORP,11856,10662,2009
Ronald W. Hovsepian,NOVELL INC,11910,27456,2007
James T. Hackett,ANADARKO PETROLEUM CORP,11923,12580,2007
Robert A. Walker,ANADARKO PETROLEUM CORP,11923,29291,2012
James C. Day,NOBLE CORP PLC,11925,8997,2007
David W. Williams,NOBLE CORP PLC,11925,12746,2008
Julie Johnson Robertson,NOBLE CORP PLC,11925,9002,2018
Joseph Michael Tucci,EMC CORP/MA,12053,20887,2007
Steven S. Fishman,BIG LOTS INC,12123,29775,2007
David J. Campisi,BIG LOTS INC,12123,45823,2013
Bruce K. Thorn,BIG LOTS INC,12123,44690,2018
John J. Mack,MORGAN STANLEY,12124,3922,2007
James Patrick Gorman,MORGAN STANLEY,12124,24436,2010
Jonathan I. Schwartz,SUN MICROSYSTEMS INC,12136,27199,2007
"James Aloysius-Charles Kennedy, C.F.A., CFA",PRICE (T. ROWE) GROUP,12138,12403,2007
"William J. Stromberg, C.F.A., CFA",PRICE (T. ROWE) GROUP,12138,32449,2016
Steven A. Ballmer,MICROSOFT CORP,12141,2967,2007
Satya Nadella,MICROSOFT CORP,12141,44939,2015
Lawrence J. Ellison,ORACLE CORP,12142,717,2007
Mark Vincent Hurd,ORACLE CORP,12142,18929,2014
Safra Ada Catz,ORACLE CORP,12142,27208,2016
Bernd Erich Beetz,COTY INC,12151,50017,2011
Michele Scannavini,COTY INC,12151,50006,2013
Lambertus J. H. Becht,COTY INC,12151,50007,2015
Camillo Pane,COTY INC,12151,50008,2017
Pierre Laubies,COTY INC,12151,22560,2019
Charles Carey,DIRECTV,12206,28337,2007
Larry D. Hunter,DIRECTV,12206,28341,2009
Michael D. White,DIRECTV,12206,18813,2011
Lothar Maier,LINEAR TECHNOLOGY CORP,12216,6212,2007
Henri A. Termeer,GENZYME CORP,12233,419,2007
Burke W. Whitman,HEALTH MANAGEMENT ASSOC,12338,21801,2007
Gary D. Newsome,HEALTH MANAGEMENT ASSOC,12338,31642,2009
James L. Ziemer,HARLEY-DAVIDSON INC,12389,4549,2007
Keith E. Wandell,HARLEY-DAVIDSON INC,12389,25767,2009
Matthew S. Levatich,HARLEY-DAVIDSON INC,12389,37212,2015
Eugene A. Hall,GARTNER INC,12441,22558,2007
James Lawrence Dolan,ALTICE USA INC,12485,40630,2007
Dexter G. Goei,ALTICE USA INC,12485,50980,2017
Bruce R. Chizen,ADOBE INC,12540,16349,2007
Shantanu Narayen,ADOBE INC,12540,20790,2008
"Jeffery W. Yabuki, B.S., CPA",FISERV INC,12635,23954,2007
Jeffrey T. Mezger,KB HOME,12689,18244,2007
Thomas Ros Watjen,UNUM GROUP,12726,6282,2007
Richard Paul McKenney,UNUM GROUP,12726,31089,2015
"John Franklin Brock, III",COCA-COLA EUROPEAN PARTNERS,12756,30869,2007
Damian Paul Gammell,COCA-COLA EUROPEAN PARTNERS,12756,48701,2017
Bernard A. Girod,HARMAN INTERNATIONAL INDS,12788,14309,2007
Dinesh C. Paliwal,HARMAN INTERNATIONAL INDS,12788,34187,2008
Neal L. Patterson,CERNER CORP,12850,6625,2007
Clifford W. Illig,CERNER CORP,12850,6627,2017
David Brent Shafer,CERNER CORP,12850,56811,2018
Andre Dahan,COMVERSE TECHNOLOGY INC,12884,13017,2007
Charles J. Burdick,COMVERSE TECHNOLOGY INC,12884,43210,2011
"Keith Rupert Murdoch, AC",TWENTY-FIRST CENTURY FOX INC,12886,30312,2007
James Rupert Murdoch,TWENTY-FIRST CENTURY FOX INC,12886,34772,2015
Peter McCausland,AIRGAS INC,12950,11839,2007
Michael L. Molinini,AIRGAS INC,12950,30097,2012
William Anthony Vernon,KRAFT FOODS GROUP INC,12978,41468,2010
Michael W. Sutherlin,JOY GLOBAL INC,13003,13201,2007
"Edward L. Doheny, II",JOY GLOBAL INC,13003,32389,2014
Richard E. Anthony,SYNOVUS FINANCIAL CORP,13041,12506,2007
"Kessel D. Stelling, Jr.",SYNOVUS FINANCIAL CORP,13041,41563,2008
"James F. Flaherty, III, CPA, CPA",HEALTHPEAK PROPERTIES INC,13125,33985,2007
Lauralee E. Martin,HEALTHPEAK PROPERTIES INC,13125,21105,2014
Thomas M. Herzog,HEALTHPEAK PROPERTIES INC,13125,31046,2017
Glenn Morris Renwick,PROGRESSIVE CORP-OHIO,13341,12511,2007
Susan Patricia Griffith,PROGRESSIVE CORP-OHIO,13341,35161,2016
"Bruce L. Downey, J.D.",BARR PHARMACEUTICALS INC,13365,15878,2007
Michael J. Fister,CADENCE DESIGN SYSTEMS INC,13421,27937,2007
Lip-Bu Tan,CADENCE DESIGN SYSTEMS INC,13421,35475,2009
James Q. Crowe,LEVEL 3 COMMUNICATIONS INC,13440,630,2007
Jeffrey K. Storey,LEVEL 3 COMMUNICATIONS INC,13440,24668,2014
Micky Meir Arison,CARNIVAL CORPORATION & PLC,13498,174,2007
Arnold W. Donald,CARNIVAL CORPORATION & PLC,13498,45517,2014
Dennis D. Oklak,DUKE REALTY CORP,13510,24489,2007
James B. Connor,DUKE REALTY CORP,13510,27659,2016
Gary Charles Dunton,MBIA INC,13561,3343,2007
"Joseph Warner Brown, Jr.",MBIA INC,13561,18938,2008
William Charles Fallon,MBIA INC,13561,35241,2018
Sol J. Barer,CELGENE CORP,13599,35699,2007
Robert J. Hugin,CELGENE CORP,13599,35700,2010
Mark J. Alles,CELGENE CORP,13599,44657,2016
Michael R. Minogue,ABIOMED INC,13619,43706,2007
Michael J. Kowalski,TIFFANY & CO,13646,5597,2007
Frederic Patrick Cumenal,TIFFANY & CO,13646,42743,2015
Alessandro Bogliolo,TIFFANY & CO,13646,54270,2018
Bret W. Wise,DENTSPLY SIRONA INC,13700,21109,2007
Jeffrey T. Slovin,DENTSPLY SIRONA INC,13700,45652,2016
"Donald M. Casey, Jr.",DENTSPLY SIRONA INC,13700,43542,2018
"Leslie Moonves, II",VIACOMCBS INC,13714,14541,2007
Joseph R. Ianniello,VIACOMCBS INC,13714,35706,2019
Juan Ramn Alaix,ZOETIS INC,13721,44952,2012
Charles Robert Schwab,SCHWAB (CHARLES) CORP,13988,839,2007
"Walter William Bettinger, II",SCHWAB (CHARLES) CORP,13988,29400,2009
Willard D. Oberton,FASTENAL CO,14225,14812,2007
"Leland J. Hein, Jr.",FASTENAL CO,14225,32420,2015
Daniel L. Florness,FASTENAL CO,14225,16408,2016
John F. Gifford,MAXIM INTEGRATED PRODUCTS,14256,8267,2007
Tun Doluca,MAXIM INTEGRATED PRODUCTS,14256,10038,2008
"James H. Herbert, II",FIRST REPUBLIC BANK,14275,34934,2009
Martin H. Loeffler,AMPHENOL CORP,14282,34216,2007
Richard Adam Norwitt,AMPHENOL CORP,14282,34218,2009
John P. Daane,ALTERA CORP,14324,14808,2007
Scott Douglas Sheffield,PIONEER NATURAL RESOURCES CO,14359,736,2007
Timothy L. Dove,PIONEER NATURAL RESOURCES CO,14359,14992,2017
J. Terrence Lanni,MGM RESORTS INTERNATIONAL,14418,4766,2007
James Joseph Murren,MGM RESORTS INTERNATIONAL,14418,23285,2009
Naren K. Gursahaney,ADT CORP,14438,32380,2011
David P. Steiner,WASTE MANAGEMENT INC,14477,26530,2007
"James C. Fish, Jr.",WASTE MANAGEMENT INC,14477,44318,2017
Michael S. Dell,DELL TECHNOLOGIES INC,14489,281,2007
Kenneth W. Lowe,EW SCRIPPS  -CL A,14535,21126,2007
Richard A. Boehne,EW SCRIPPS  -CL A,14535,20780,2008
Adam P. Symson,EW SCRIPPS  -CL A,14535,50568,2018
Richard C. Adkerson,FREEPORT-MCMORAN INC,14590,1684,2007
Richard S. Hill,NOVELLUS SYSTEMS INC,14623,3408,2007
Stephen A. Odland,OFFICE DEPOT INC,14624,22758,2007
Neil R. Austrian,OFFICE DEPOT INC,14624,28029,2010
Roland C. Smith,OFFICE DEPOT INC,14624,17199,2014
Gerry P. Smith,OFFICE DEPOT INC,14624,54293,2017
Robert E. Beauchamp,BMC SOFTWARE INC,14650,15584,2007
"John Jefferson Schiff, Jr., CPCU",CINCINNATI FINANCIAL CORP,14824,1368,2007
Kenneth William Stecher,CINCINNATI FINANCIAL CORP,14824,24439,2008
"Steven Justus Johnston, C.F.A., FCAS, MAAA, CFA, C",CINCINNATI FINANCIAL CORP,14824,35236,2011
J. Larry Nichols,DEVON ENERGY CORP,14934,8651,2007
John Richels,DEVON ENERGY CORP,14934,26816,2011
David A. Hager,DEVON ENERGY CORP,14934,27781,2015
David P. King,LABORATORY CP OF AMER HLDGS,14960,29709,2007
Richard Francis Syron,FEDERAL HOME LOAN MORTG CORP,15208,19288,2007
John A. Koskinen,FEDERAL HOME LOAN MORTG CORP,15208,39902,2009
"Charles Edgar Haldeman, Jr.",FEDERAL HOME LOAN MORTG CORP,15208,21281,2010
Donald H. Layton,FEDERAL HOME LOAN MORTG CORP,15208,18824,2012
David M. Brickman,FEDERAL HOME LOAN MORTG CORP,15208,56015,2019
William R. Klesse,VALERO ENERGY CORP,15247,5447,2007
Joseph W. Gorder,VALERO ENERGY CORP,15247,32559,2014
Terry Lee Burman,SIGNET JEWELERS LTD,15520,42216,2007
Michael W. Barnes,SIGNET JEWELERS LTD,15520,17833,2011
Mark S. Light,SIGNET JEWELERS LTD,15520,42218,2015
Virginia C. Drosos,SIGNET JEWELERS LTD,15520,54321,2018
"Ronald L. Sargent, M.B.A.",STAPLES INC,15521,10628,2007
David E. I. Pyott,ALLERGAN INC,15708,16461,2007
Rick R. Holley,PLUM CREEK TIMBER CO INC,15709,22941,2007
John Wendell Thompson,NORTONLIFELOCK INC,15855,19772,2007
Enrique T. Salem,NORTONLIFELOCK INC,15855,15581,2009
Stephen M. Bennett,NORTONLIFELOCK INC,15855,20241,2012
Michael A. Brown,NORTONLIFELOCK INC,15855,4834,2014
Gregory S. Clark,NORTONLIFELOCK INC,15855,51776,2016
Richard A. Gonzalez,ABBVIE INC,16101,18569,2010
Kerry K. Killinger,WASHINGTON MUTUAL INC,16243,1017,2007
John Albert Klein,PEOPLE'S UNITED FINL INC,16245,34773,2007
Philip Roger Sherringham,PEOPLE'S UNITED FINL INC,16245,34774,2008
John P. Barnes,PEOPLE'S UNITED FINL INC,16245,21673,2011
Mark G. Papa,EOG RESOURCES INC,16478,1440,2007
William R. Thomas,EOG RESOURCES INC,16478,42776,2013
John S. Riccitiello,ELECTRONIC ARTS INC,16721,15533,2007
Andrew Wilson,ELECTRONIC ARTS INC,16721,44810,2013
"Vernon W. Hill, II",COMMERCE BANCORP INC/NJ,16784,17629,2007
Kenneth Parmalee Wilcox,SVB FINANCIAL GROUP,17120,15518,2007
Gregory W. Becker,SVB FINANCIAL GROUP,17120,26254,2011
Joseph P. Campanelli,SANTANDER HOLDINGS USA INC,17130,21274,2007
Paul A. Perrault,SANTANDER HOLDINGS USA INC,17130,18639,2009
Gabriel Jaramillo Sanint,SANTANDER HOLDINGS USA INC,17130,37322,2010
Jorge Moran Snchez,SANTANDER HOLDINGS USA INC,17130,42786,2011
Romn Blanco Reinosa,SANTANDER HOLDINGS USA INC,17130,45541,2014
Scott E. Powell,SANTANDER HOLDINGS USA INC,17130,49195,2015
Thomas H. Pike,IQVIA HOLDINGS INC,17928,51778,2012
Ari Bousbib,IQVIA HOLDINGS INC,17928,24349,2017
Robert J. Thomson,NEWS CORP,18043,44957,2013
Mark Christopher Trudeau,MALLINCKRODT PLC,18086,43816,2013
C. Richard Harrison,PTC INC,18699,4402,2007
James E. Heppelmann,PTC INC,18699,24352,2011
Richard Costolo,TWITTER INC,18872,55347,2012
Jack Dorsey,TWITTER INC,18872,55351,2015
Ronald S. Nersesian,KEYSIGHT TECHNOLOGIES INC,20232,34854,2011
Gary William Loveman,CAESARS ENTERTAINMENT CORP,20423,16582,2007
Mark P. Frissora,CAESARS ENTERTAINMENT CORP,20423,19490,2015
Anthony P. Rodio,CAESARS ENTERTAINMENT CORP,20423,58630,2019
Dan O. Dinges,CABOT OIL & GAS CORP,20548,10901,2007
Gareth Roberts,DENBURY RESOURCES INC,20653,28586,2007
"Phil Rykhoek, Sr.",DENBURY RESOURCES INC,20653,28588,2009
Christian S. Kendall,DENBURY RESOURCES INC,20653,49217,2017
Margaret M. Keane,SYNCHRONY FINANCIAL,20686,48391,2013
Jayshree V. Ullal,ARISTA NETWORKS INC,20748,55474,2013
John T. Chambers,CISCO SYSTEMS INC,20779,1417,2007
Charles H. Robbins,CISCO SYSTEMS INC,20779,44984,2016
John W. Cumming,HOLOGIC INC,20904,22966,2007
Robert A. Cascella,HOLOGIC INC,20904,27392,2010
Stephen P. MacMillan,HOLOGIC INC,20904,25904,2014
Ellen R. Alemany,CITIZENS FINANCIAL GROUP INC,21825,48750,2013
Bruce Winfield Van Saun,CITIZENS FINANCIAL GROUP INC,21825,14582,2014
John J. Zillmer,ALLIED WASTE INDUSTRIES INC,22140,23101,2007
"Jack O. Bovender, Jr.",HCA HEALTHCARE INC,22260,16863,2007
Richard M. Bracken,HCA HEALTHCARE INC,22260,16865,2009
R. Milton Johnson,HCA HEALTHCARE INC,22260,28168,2014
Samuel N. Hazen,HCA HEALTHCARE INC,22260,24739,2019
Willem P. Roelandts,XILINX INC,22325,2526,2007
Moshe N. Gavrielov,XILINX INC,22325,10578,2008
Victor Peng,XILINX INC,22325,22632,2018
Ludwig N. Hantson,BAXALTA INC,22734,40792,2014
James W. Stewart,BJ SERVICES CO,22794,4101,2007
"William C. Rhodes, III",AUTOZONE INC,23809,28867,2007
Leonard S. Schleifer,REGENERON PHARMACEUTICALS,23812,9752,2007
"Robert C. Skaggs, Jr.",COLUMBIA PIPELINE GROUP INC,23827,13173,2014
Dale Brian Wolf,COVENTRY HEALTH CARE INC,23877,15416,2007
Allen F. Wise,COVENTRY HEALTH CARE INC,23877,11241,2009
Robert L. Bailey,PMC-SIERRA INC,23943,22448,2007
Gregory S. Lang,PMC-SIERRA INC,23943,23574,2008
"Frank Baldino, Jr.",CEPHALON INC,23945,7608,2007
"John P. Surma, Jr.",UNITED STATES STEEL CORP,23978,23062,2007
Filho Mario Longhi,UNITED STATES STEEL CORP,23978,44012,2014
David Boyd Burritt,UNITED STATES STEEL CORP,23978,31102,2017
Peter Boneparth,JONES GROUP INC,24032,24758,2007
Wesley R. Card,JONES GROUP INC,24032,11513,2008
Jonathan W. Ayers,IDEXX LABS INC,24197,21002,2007
Paul T. Hanrahan,AES CORP (THE),24216,20985,2007
Andrs Ricardo Gluski Weilert,AES CORP (THE),24216,31153,2012
Robert John Genader,AMBAC FINANCIAL GROUP INC,24287,13207,2007
David William Wallis,AMBAC FINANCIAL GROUP INC,24287,29349,2008
Diana Newman Adams,AMBAC FINANCIAL GROUP INC,24287,41614,2012
Nader Tavakoli,AMBAC FINANCIAL GROUP INC,24287,49254,2015
Claude L. LeBlanc,AMBAC FINANCIAL GROUP INC,24287,54406,2017
Rodney Cyril Sacks,MONSTER BEVERAGE CORP,24316,28838,2007
Brian Michael O'Hara,XL GROUP LTD,24318,22444,2007
Michael S. McGavick,XL GROUP LTD,24318,23119,2008
Joshua S. Boger,VERTEX PHARMACEUTICALS INC,24344,7518,2007
Matthew W. Emmens,VERTEX PHARMACEUTICALS INC,24344,39920,2009
Jeffrey Marc Leiden,VERTEX PHARMACEUTICALS INC,24344,23051,2012
Curt Steven Culver,MGIC INVESTMENT CORP/WI,24379,10623,2007
Patrick Sinks,MGIC INVESTMENT CORP/WI,24379,27820,2015
James C. Mullen,BIOGEN INC,24468,13278,2007
George A. Scangos,BIOGEN INC,24468,41346,2010
Michel Vounatsos,BIOGEN INC,24468,51476,2017
Daniel H. Schulman,PAYPAL HOLDINGS INC,24616,22147,2014
Milton Cooper,KIMCO REALTY CORP,24731,533,2007
David B. Henry,KIMCO REALTY CORP,24731,26161,2010
Conor C. Flynn,KIMCO REALTY CORP,24731,45899,2016
Joseph C. Papa,PERRIGO CO PLC,24782,24736,2007
John T. Hendrickson,PERRIGO CO PLC,24782,20238,2016
Murray S. Kessler,PERRIGO CO PLC,24782,20959,2019
Paul E. Jacobs,QUALCOMM INC,24800,22816,2007
Steven M. Mollenkopf,QUALCOMM INC,24800,36696,2014
John C. Martin,GILEAD SCIENCES INC,24856,17643,2007
John F. Milligan,GILEAD SCIENCES INC,24856,26635,2016
Daniel P. O'Day,GILEAD SCIENCES INC,24856,58283,2019
John P. Mackey,WHOLE FOODS MARKET INC,24893,7530,2007
"Walter E. Robb, IV",WHOLE FOODS MARKET INC,24893,18198,2011
Brian D. Jellison,ROPER TECHNOLOGIES INC,24925,14340,2007
Laurence Neil Hunn,ROPER TECHNOLOGIES INC,24925,46636,2019
Aart J. de Geus,SYNOPSYS INC,24975,14024,2007
Chi-Foon Chan,SYNOPSYS INC,24975,14027,2013
"Richard D. Parsons, Esq., J.D.",TIME WARNER INC,25056,1873,2007
Jeffrey L. Bewkes,TIME WARNER INC,25056,24597,2008
Jeffrey S. Lorberbaum,MOHAWK INDUSTRIES INC,25119,8449,2007
Stephen F. Angel,LINDE PLC,25124,23103,2007
Henry C. Duques,FIRST DATA CORP,25157,361,2007
Michael D. Capellas,FIRST DATA CORP,25157,18563,2008
"Joe W. Forehand, Jr.",FIRST DATA CORP,25157,23070,2010
Jonathan J. Judge,FIRST DATA CORP,25157,28725,2011
Frank J. Bisignano,FIRST DATA CORP,25157,35314,2013
James R. Tobin,BOSTON SCIENTIFIC CORP,25279,1160,2007
J. Raymond Elliott,BOSTON SCIENTIFIC CORP,25279,23236,2010
William H. Kucheman,BOSTON SCIENTIFIC CORP,25279,41351,2012
Michael F. Mahoney,BOSTON SCIENTIFIC CORP,25279,42847,2013
R. Lawrence Montgomery,KOHL'S CORP,25283,5361,2007
Kevin Mansell,KOHL'S CORP,25283,13382,2008
Michelle D. Gass,KOHL'S CORP,25283,45235,2018
Steven H. Temares,BED BATH & BEYOND INC,25338,13517,2007
Mary A. Winston,BED BATH & BEYOND INC,25338,28536,2019
Donald J. Tomnitz,D R HORTON INC,25340,14264,2007
David V. Auld,D R HORTON INC,25340,46759,2015
George Paz,EXPRESS SCRIPTS HOLDING CO,25356,11797,2007
Timothy C. Wentworth,EXPRESS SCRIPTS HOLDING CO,25356,28110,2016
James L. Donald,STARBUCKS CORP,25434,25850,2007
Howard D. Schultz,STARBUCKS CORP,25434,887,2008
Kevin R. Johnson,STARBUCKS CORP,25434,27193,2018
Bruce A. Williamson,DYNEGY INC,25495,24764,2007
Robert C. Flexon,DYNEGY INC,25495,23409,2011
David G. DeWalt,MCAFEE INC,25783,30958,2007
James W. Wiltz,PATTERSON COS INC,25880,8591,2007
Scott P. Anderson,PATTERSON COS INC,25880,32013,2010
Mark S. Walchirk,PATTERSON COS INC,25880,55525,2018
"Peter Karmanos, Jr.",COMPUWARE CORP,26011,241,2007
Robert C. Paul,COMPUWARE CORP,26011,28580,2011
Barry Diller,IAC/INTERACTIVECORP,26061,795,2007
Gregory R. Blatt,IAC/INTERACTIVECORP,26061,29994,2011
Joseph M. Levin,IAC/INTERACTIVECORP,26061,49689,2015
Margaret Cushing Whitman,HEWLETT PACKARD ENTERPRISE,26156,5706,2012
Antonio Fabio Neri,HEWLETT PACKARD ENTERPRISE,26156,48608,2019
"Lawrence B. Prior, III",CSRA INC,26304,34058,2013
"William Howard Lenehan, IV",FOUR CORNERS PROPERTY TR INC,26410,48411,2015
James A. Lico,FORTIVE CORP,26590,31086,2015
Guillermo Novo,VERSUM MATERIALS INC,26709,48327,2015
D. Michael Wilson,INGEVITY CORP,27119,12114,2014
R. Bruce McDonald,ADIENT PLC,27333,30588,2016
Douglas G. Del Grosso,ADIENT PLC,27333,18968,2019
Scott Alan Wolstein,SITE CENTERS CORP,27780,29720,2007
Daniel Bruce Hurwitz,SITE CENTERS CORP,27780,29722,2010
"David John Oakes, CFA",SITE CENTERS CORP,27780,33711,2015
David R. Lukes,SITE CENTERS CORP,27780,35272,2017
Aubrey K. McClendon,CHESAPEAKE ENERGY CORP,27786,29794,2007
Robert Douglas Lawler,CHESAPEAKE ENERGY CORP,27786,46256,2013
Mark S. Ordan,QUALITY CARE PROPERTIES INC,27800,36322,2016
Allen Chao,ALLERGAN PLC,27845,8329,2007
Paul M. Bisaro,ALLERGAN PLC,27845,15880,2008
Brenton L. Saunders,ALLERGAN PLC,27845,32688,2015
Michael B. McCallister,HUMANA INC,27914,14655,2007
Bruce Dale Broussard,HUMANA INC,27914,23884,2013
Stephen M. Bennett,INTUIT INC,27928,20241,2007
Brad D. Smith,INTUIT INC,27928,28880,2008
Sasan K. Goodarzi,INTUIT INC,27928,34210,2019
Stephen Sanghi,MICROCHIP TECHNOLOGY INC,27965,7634,2007
Evan G. Greenberg,CHUBB LTD,28034,14586,2007
Erin N. Kane,ADVANSIX INC,28070,50091,2015
Kosta N. Kartsotis,FOSSIL GROUP INC,28118,17832,2007
"John L. Bucksbaum, SCSM",BROOKFIELD PROPERTY REIT,28119,33907,2007
Adam Spencer Metz,BROOKFIELD PROPERTY REIT,28119,35540,2009
Sandeep Lakhmi Mathrani,BROOKFIELD PROPERTY REIT,28119,28689,2011
Jure Sola,SANMINA CORP,28139,8095,2007
Robert K. Eulau,SANMINA CORP,28139,22987,2018
Michael J. Clarke,SANMINA CORP,28139,57613,2019
Gregory L. Henslee,O'REILLY AUTOMOTIVE INC,28180,19277,2007
Gregory D. Johnson,O'REILLY AUTOMOTIVE INC,28180,48768,2019
Richard D. Fain,ROYAL CARIBBEAN CRUISES LTD,28191,46764,2007
Alain Juan Pablo Belda,HOWMET AEROSPACE INC,28192,1510,2007
Klaus-Christian Kleinfeld,HOWMET AEROSPACE INC,28192,32501,2008
David P. Hess,HOWMET AEROSPACE INC,28192,40915,2017
"Charles P. Blankenship, Jr.",HOWMET AEROSPACE INC,28192,57926,2018
Timothy L. Main,JABIL INC,28195,17770,2007
Mark T. Mondello,JABIL INC,28195,20629,2013
Bob R. Simpson,XTO ENERGY INC,28256,9466,2007
Keith A. Hutton,XTO ENERGY INC,28256,15335,2009
Robert L. Long,TRANSOCEAN LTD,28338,9601,2007
"Steven Leon Newman, Ph.D.",TRANSOCEAN LTD,28338,29272,2010
Jeremy D. Thigpen,TRANSOCEAN LTD,28338,44471,2015
"Thomas Joseph Wilson, II",ALLSTATE CORP,28349,10669,2007
"Earl Ray Lewis, III",FLIR SYSTEMS INC,28477,16819,2007
Andrew C. Teich,FLIR SYSTEMS INC,28477,57932,2013
James J. Cannon,FLIR SYSTEMS INC,28477,52792,2018
Philip L. Francis,PETSMART INC,28648,26822,2007
Robert F. Moran,PETSMART INC,28648,26823,2010
David J. Neithercut,EQUITY RESIDENTIAL,28733,21144,2007
Mark J. Parrell,EQUITY RESIDENTIAL,28733,33013,2019
Timothy M. Manganello,BORGWARNER INC,28742,19392,2007
James R. Verrier,BORGWARNER INC,28742,42879,2013
Frdric B. Lissalde,BORGWARNER INC,28742,45571,2019
Thomas P. Werner,LAMB WESTON HOLDINGS INC,28790,49931,2015
Robert P. Stiller,KEURIG DR PEPPER INC,28877,34013,2007
Lawrence J. Blanford,KEURIG DR PEPPER INC,28877,21278,2008
Brian P. Kelley,KEURIG DR PEPPER INC,28877,45261,2013
Robert J. Gamgort,KEURIG DR PEPPER INC,28877,58671,2018
"John Willard Marriott, Jr.",MARRIOTT INTL INC,28930,588,2007
Arne M. Sorenson,MARRIOTT INTL INC,28930,20993,2013
Sunny S. Sanyal,VAREX IMAGING CORP,29004,46716,2015
James D. Sinegal,COSTCO WHOLESALE CORP,29028,1486,2007
W. Craig Jelinek,COSTCO WHOLESALE CORP,29028,27325,2012
"Martin E. Stein, Jr.",REGENCY CENTERS CORP,29099,28670,2007
Paul A. Friedman,INCYTE CORP,29127,23532,2007
Herv Hoppenot,INCYTE CORP,29127,47509,2014
Glen T. Senk,URBAN OUTFITTERS INC,29150,34360,2007
Richard A. Hayne,URBAN OUTFITTERS INC,29150,34362,2012
T. Alex Vetter,CARS.COM INC,29155,51658,2015
David A. Trice,NEWFIELD EXPLORATION CO,29173,16621,2007
Lee K. Boothby,NEWFIELD EXPLORATION CO,29173,27845,2009
"Kevin J. Kennedy, Ph.D.",VIAVI SOLUTIONS INC,29241,25510,2007
Thomas H. Waechter,VIAVI SOLUTIONS INC,29241,34138,2010
Richard E. Belluzzo,VIAVI SOLUTIONS INC,29241,10196,2016
Oleg Khaykin,VIAVI SOLUTIONS INC,29241,34725,2017
David E. Simon,SIMON PROPERTY GROUP INC,29389,24716,2007
James Brian Ferguson,EASTMAN CHEMICAL CO,29392,21019,2007
James P. Rogers,EASTMAN CHEMICAL CO,29392,21020,2009
Mark J. Costa,EASTMAN CHEMICAL CO,29392,32619,2014
"H. Eric Bolton, Jr.",MID-AMERICA APT CMNTYS INC,29649,30246,2007
"Stephen P. Zelnak, Jr.",MARTIN MARIETTA MATERIALS,29733,13778,2007
C. Howard Nye,MARTIN MARIETTA MATERIALS,29733,33192,2010
James F. Wright,TRACTOR SUPPLY CO,29736,25034,2007
Gregory A. Sandfort,TRACTOR SUPPLY CO,29736,28409,2013
Mark C. Rohr,ALBEMARLE CORP,29751,18845,2007
"Luther C. Kissam, IV",ALBEMARLE CORP,29751,29189,2012
Harshad K. Desai,QLOGIC CORP,29791,17772,2007
Simon Biddiscombe,QLOGIC CORP,29791,36139,2011
Jean Hu,QLOGIC CORP,29791,36681,2013
Prasad L. Rampalli,QLOGIC CORP,29791,46533,2014
"Martin L. Flanagan, CFA, CPA",INVESCO LTD,29804,4457,2007
John G. Cox,BIOVERATIV INC,29819,43232,2015
James A. Rubright,WESTROCK CO,29830,5863,2007
Steven C. Voorhees,WESTROCK CO,29830,25817,2014
"Arthur M. Coppola, CPA",MACERICH CO,29868,28613,2007
"Thomas E. O'Hern, CPA",MACERICH CO,29868,28617,2019
Bryce F. Blair,AVALONBAY COMMUNITIES INC,29875,27796,2007
Timothy J. Naughton,AVALONBAY COMMUNITIES INC,29875,27797,2011
Willis J. Johnson,COPART INC,29901,17945,2007
A. Jayson Adair,COPART INC,29901,17946,2011
James L. Wainscott,AK STEEL HOLDING CORP,29968,21310,2007
Roger K. Newport,AK STEEL HOLDING CORP,29968,44430,2016
Jeffrey Howard Schwartz,PROLOGIS INC,29984,26150,2007
Walter C. Rakowich,PROLOGIS INC,29984,26149,2009
Hamid R. Moghadam,PROLOGIS INC,29984,26273,2011
"Richard Severin Fuld, Jr.",LEHMAN BROTHERS HOLDINGS INC,30128,14194,2007
Howard W. Robin,NEKTAR THERAPEUTICS,30137,48100,2007
Keith R. Guericke,ESSEX PROPERTY TRUST,30293,26552,2007
"Michael J. Schall, CPA",ESSEX PROPERTY TRUST,30293,26553,2011
"Terry Considine, J.D.",APARTMENT INVST & MGMT CO,30490,24516,2007
Lynn R. Blodgett,AFFILIATED COMPUTER SERVICES,30697,21016,2007
"Thomas A. Lewis, Jr.",REALTY INCOME CORP,30822,33446,2007
John P. Case,REALTY INCOME CORP,30822,41391,2014
Sumit Roy,REALTY INCOME CORP,30822,45581,2019
Thierry Pilenko,TECHNIPFMC PLC,30923,28425,2007
Douglas J. Pferdehirt,TECHNIPFMC PLC,30923,44526,2018
Richard D. Fairbank,CAPITAL ONE FINANCIAL CORP,30990,14453,2007
Brian E. Mueller,APOLLO EDUCATION GROUP INC,31122,31241,2007
Charles B. Edelstein,APOLLO EDUCATION GROUP INC,31122,34736,2009
Gregory W. Cappelli,APOLLO EDUCATION GROUP INC,31122,34738,2010
Bobby L. Sasser,DOLLAR TREE INC,31587,19397,2007
Gary M. Philbin,DOLLAR TREE INC,31587,31932,2018
R. David Yost,AMERISOURCEBERGEN CORP,31673,20354,2007
Steven H. Collis,AMERISOURCEBERGEN CORP,31673,20640,2012
Eric Thomas Steigerwalt,BRIGHTHOUSE FINANL INC,31774,43020,2017
Liam Butterworth,DELPHI TECHNOLOGIES PLC,31802,48814,2016
Hari N. Nair,DELPHI TECHNOLOGIES PLC,31802,24267,2018
Richard F. Dauch,DELPHI TECHNOLOGIES PLC,31802,58688,2019
"Clarence Otis, Jr.",DARDEN RESTAURANTS INC,31846,19771,2007
"Eugene I. Lee, Jr.",DARDEN RESTAURANTS INC,31846,20607,2015
"Peter C. Farrell, A.M., Ph.D., BE (Hons), ScD, AM",RESMED INC,31887,18079,2007
Kieran T. Gallahue,RESMED INC,31887,27254,2009
"Michael J. Farrell, BE, SM, MBA",RESMED INC,31887,45029,2014
Lorenzo Simonelli,BAKER HUGHES CO,32106,55154,2017
W. Matthew Kelly,JBG SMITH PPTYS,32154,55158,2017
Sivasankaran Somasundaram,CHAMPIONX CORP,33326,48999,2016
John McNamara Curtis,PERSPECTA INC,33439,57278,2018
James R. Fitterling,DOW INC,34443,44157,2018
Lachlan Keith Murdoch,FOX CORP,34636,50022,2016
Benjamin J. Shaw,COVETRUS INC,34765,58355,2019
Scott H. Baxter,KONTOOR BRANDS INC,35035,42687,2018
"James C. Collins, Jr.",CORTEVA INC,35168,48584,2019
Sheldon R. Erikson,CAMERON INTERNATIONAL CORP,60894,19925,2007
Jack B. Moore,CAMERON INTERNATIONAL CORP,60894,26310,2008
Charles W. Ergen,DISH NETWORK CORP,60900,18919,2007
Joseph P. Clayton,DISH NETWORK CORP,60900,14346,2011
W. Erik Carlson,DISH NETWORK CORP,60900,50684,2017
Albert J. Neupaver,WABTEC CORP,60979,13399,2007
Raymond T. Betler,WABTEC CORP,60979,39333,2014
Rafael O. Santana,WABTEC CORP,60979,58359,2019
Nabeel K. Gareeb,SUNEDISON INC,60992,20248,2007
Ahmad R. Chatila,SUNEDISON INC,60992,32957,2009
Joseph Victor Taranto,EVEREST RE GROUP LTD,61388,1877,2007
"Dominic James Addesso, CPA",EVEREST RE GROUP LTD,61388,7269,2014
James S. Tisch,DIAMOND OFFSHRE DRILLING INC,61409,993,2007
Lawrence R. Dickerson,DIAMOND OFFSHRE DRILLING INC,61409,12745,2008
Marc Gerard Rex Edwards,DIAMOND OFFSHRE DRILLING INC,61409,47546,2014
Kent J. Thiry,DAVITA INC,61483,7568,2007
Javier J. Rodriguez,DAVITA INC,61483,32967,2019
Edward A. Mueller,QWEST COMMUNICATION INTL INC,61489,20844,2007
Stanley M. Bergman,HENRY SCHEIN INC,61494,22703,2007
Eli Harari,SANDISK CORP,61513,18853,2007
Sanjay Mehrotra,SANDISK CORP,61513,21604,2011
Paul J. Curlander,LEXMARK INTL INC  -CL A,61552,13595,2007
Paul A. Rooke,LEXMARK INTL INC  -CL A,61552,23161,2011
William P. Lauder,LAUDER (ESTEE) COS INC -CL A,61567,17879,2007
Fabrizio Freda,LAUDER (ESTEE) COS INC -CL A,61567,36245,2011
Douglas A. Berthiaume,WATERS CORP,61574,2978,2007
Christopher James O'Connell,WATERS CORP,61574,40311,2016
Daniel J. Warmenhoven,NETAPP INC,61591,7045,2007
Thomas Georgens,NETAPP INC,61591,21208,2009
George Kurian,NETAPP INC,61591,46535,2015
Mark B. Templeton,CITRIX SYSTEMS INC,61676,16171,2007
Kirill Tatarinov,CITRIX SYSTEMS INC,61676,23462,2016
David James Henshall,CITRIX SYSTEMS INC,61676,26385,2018
Ramani Ayer,HARTFORD FINANCIAL SERVICES,61739,12661,2007
Liam E. McGee,HARTFORD FINANCIAL SERVICES,61739,27736,2010
Christopher Jerome Swift,HARTFORD FINANCIAL SERVICES,61739,41400,2014
Leonard Bell,ALEXION PHARMACEUTICALS INC,62263,43395,2007
David L. Hallal,ALEXION PHARMACEUTICALS INC,62263,43392,2015
Ludwig N. Hantson,ALEXION PHARMACEUTICALS INC,62263,40792,2017
C. Richard Reese,IRON MOUNTAIN INC,62374,26792,2007
Robert T. Brennan,IRON MOUNTAIN INC,62374,29928,2008
"William L. Meaney, BSc, MEng, MSIA",IRON MOUNTAIN INC,62374,45963,2013
Chih-Yuan Yang,ALTABA INC,62634,32860,2007
Carol A. Bartz,ALTABA INC,62634,86,2009
Marissa A. Mayer,ALTABA INC,62634,44708,2012
Gregg L. Engles,DEAN FOODS CO,62655,16050,2007
Joseph E. Scalzo,DEAN FOODS CO,62655,32612,2011
Gregg A. Tanner,DEAN FOODS CO,62655,32613,2012
Ralph P. Scozzafava,DEAN FOODS CO,62655,33078,2017
Jay S. Fishman,TRAVELERS COS INC,62689,12698,2007
Alan David Schnitzer,TRAVELERS COS INC,62689,32709,2016
Steven L. Watson,TITANIUM METALS CORP,62984,34251,2007
Bobby D. O'Brien,TITANIUM METALS CORP,62984,34252,2010
"James E. Cashman, III",ANSYS INC,63080,26216,2007
Ajei S. Gopal,ANSYS INC,63080,41809,2017
"Mitchell Harris Caplan, J.D.",E TRADE FINANCIAL CORP,63501,20394,2007
Donald H. Layton,E TRADE FINANCIAL CORP,63501,18824,2008
Steven J. Freiberg,E TRADE FINANCIAL CORP,63501,41416,2010
Paul Thomas Idzik,E TRADE FINANCIAL CORP,63501,45987,2013
Karl A. Roessner,E TRADE FINANCIAL CORP,63501,45986,2017
Mark C. Miller,STERICYCLE INC,63527,25162,2007
Charles A. Alutto,STERICYCLE INC,63527,42933,2013
Michael S. Jeffries,ABERCROMBIE & FITCH  -CL A,63643,15883,2007
Jonathan E. Ramsden,ABERCROMBIE & FITCH  -CL A,63643,35680,2015
Joanne C. Crevoiserat,ABERCROMBIE & FITCH  -CL A,63643,47858,2016
Fran Horowitz,ABERCROMBIE & FITCH  -CL A,63643,47860,2017
Peter A. Lankau,ENDO INTERNATIONAL PLC,63645,33731,2007
David P. Holveck,ENDO INTERNATIONAL PLC,63645,4828,2008
Rajiv Kanishka Liyanaarchchie De Silva,ENDO INTERNATIONAL PLC,63645,37074,2013
Paul V. Campanelli,ENDO INTERNATIONAL PLC,63645,33308,2017
Joseph Uva,UNIVISION COMMUNICATIONS INC,63669,34103,2007
David R. Carlucci,IMS HEALTH HOLDINGS INC,63800,26041,2007
Ari Bousbib,IMS HEALTH HOLDINGS INC,63800,24349,2013
"Merrill A. Miller, Jr.",NATIONAL OILWELL VARCO INC,63892,20342,2007
Clay C. Williams,NATIONAL OILWELL VARCO INC,63892,15037,2014
Salvatore Iannuzzi,MONSTER WORLDWIDE INC,64156,29355,2007
Timothy T. Yates,MONSTER WORLDWIDE INC,64156,2460,2015
Surya N. Mohapatra,QUEST DIAGNOSTICS INC,64166,19669,2007
Stephen H. Rusckowski,QUEST DIAGNOSTICS INC,64166,44478,2012
Gary B. Smith,CIENA CORP,64356,18355,2007
Thomas Joseph Folliard,CARMAX INC,64410,34299,2007
William D. Nash,CARMAX INC,64410,44719,2017
Benjamin Feder,TAKE-TWO INTERACTIVE SFTWR,64630,32444,2007
Strauss H. Zelnick,TAKE-TWO INTERACTIVE SFTWR,64630,37577,2011
Jeffrey P. Bezos,AMAZON.COM INC,64768,15055,2007
"Joel S. Marcus, CPA, J.D.",ALEXANDRIA R E EQUITIES INC,64821,32750,2007
Stephen A. Richardson,ALEXANDRIA R E EQUITIES INC,64821,43282,2018
Peter M. Moglia,ALEXANDRIA R E EQUITIES INC,64821,43283,2019
Robert A. Bruggeworth,QORVO INC,64853,22024,2007
Ralph Lauren,RALPH LAUREN CORP,64891,28653,2007
Stefan Larsson,RALPH LAUREN CORP,64891,44174,2016
Patrice Jean Louis Louvet,RALPH LAUREN CORP,64891,49970,2017
Edward H. Linde,BOSTON PROPERTIES INC,64925,26154,2007
Mortimer B. Zuckerman,BOSTON PROPERTIES INC,64925,26153,2010
Owen David Thomas,BOSTON PROPERTIES INC,64925,45999,2013
Marc Holliday,SL GREEN REALTY CORP,65290,37591,2007
Malon Wilkus,AMERICAN CAPITAL LTD,65345,34022,2007
David C. Novak,YUM BRANDS INC,65417,14669,2007
Greg Creed,YUM BRANDS INC,65417,35330,2015
John P. Wiehoff,C H ROBINSON WORLDWIDE INC,65609,19034,2007
"Robert C. Biesterfeld, Jr.",C H ROBINSON WORLDWIDE INC,65609,54632,2019
"Robert F. Spoerry, M.B.A., MBA",METTLER-TOLEDO INTL INC,65772,17420,2007
Olivier A. Filliol,METTLER-TOLEDO INTL INC,65772,25466,2008
Sean Michael Healey,AFFILIATED MANAGERS GRP INC,65886,32736,2007
Nathaniel Dalton,AFFILIATED MANAGERS GRP INC,65886,32738,2018
Jay C. Horgen,AFFILIATED MANAGERS GRP INC,65886,32739,2019
Ken P. McDonald,ENVISION HEALTHCARE CORP,65967,26729,2007
Christopher A. Holden,ENVISION HEALTHCARE CORP,65967,32757,2008
Michael J. Kneeland,UNITED RENTALS INC,66065,26766,2007
Matthew J. Flannery,UNITED RENTALS INC,66065,41439,2019
"William A. Roper, Jr.",VERISIGN INC,66368,33564,2007
D. James Bidzos,VERISIGN INC,66368,35374,2008
Mark D. McLaughlin,VERISIGN INC,66368,32012,2010
John R. Colson,QUANTA SERVICES INC,66446,19687,2007
"James Francis O'Neil, III",QUANTA SERVICES INC,66446,39997,2012
"Earl C. Austin, Jr.",QUANTA SERVICES INC,66446,42973,2016
Scott A. McGregor,BROADCOM CORP,66708,29049,2007
John Christopher Donahue,FEDERATED HERMES INC,66731,21148,2007
"Ken MacKenzie, B.E., F.A.C.I.D., BEng, BEng., FIEA",AMCOR PLC,100243,57336,2007
Ronald Stephen Delia,AMCOR PLC,100243,57328,2016
David L. Calhoun,NIELSEN HOLDINGS PLC,100873,45058,2007
Dwight Mitchell Barns,NIELSEN HOLDINGS PLC,100873,46015,2014
David W. Kenny,NIELSEN HOLDINGS PLC,100873,56646,2019
Kevin M. Sheehan,NORWEGIAN CRUISE LINE HLDGS,104432,24595,2009
Frank J. Del Rio,NORWEGIAN CRUISE LINE HLDGS,104432,51882,2015
"James D. Taiclet, Jr.",AMERICAN TOWER CORP,105365,32778,2007
Debra A. Cafaro,VENTAS INC,110179,36129,2007
Michael T. Strianese,L3 TECHNOLOGIES INC,110685,19157,2007
"Christopher E. Kubasik, CPA, CPA",L3 TECHNOLOGIES INC,110685,29263,2018
Francisco D'Souza,COGNIZANT TECH SOLUTIONS,111864,26787,2007
Brian Humphries,COGNIZANT TECH SOLUTIONS,111864,58422,2019
Brian A. Markison,KING PHARMACEUTICALS INC,112033,28307,2007
James E. O'Connor,REPUBLIC SERVICES INC,112168,22799,2007
Donald W. Slager,REPUBLIC SERVICES INC,112168,17063,2011
David F. Dougherty,CONVERGYS CORP,113419,16893,2007
Jeffrey H. Fox,CONVERGYS CORP,113419,16456,2010
Andrea J. Ayers,CONVERGYS CORP,113419,37630,2013
John P. Kelly,CROWN CASTLE INTL CORP,113490,42359,2007
W. Benjamin Moreland,CROWN CASTLE INTL CORP,113490,42356,2008
Jay A. Brown,CROWN CASTLE INTL CORP,113490,42358,2016
Margaret Cushing Whitman,EBAY INC,114524,5706,2007
"John J. Donahoe, II",EBAY INC,114524,29529,2008
Devin N. Wenig,EBAY INC,114524,42986,2016
Lloyd C. Blankfein,GOLDMAN SACHS GROUP INC,114628,24365,2007
David Michael Solomon,GOLDMAN SACHS GROUP INC,114628,55201,2019
Jen-Hsun Huang,NVIDIA CORP,117768,19583,2007
Rodney O'Neal,APTIV PLC,118122,19028,2007
Kevin P. Clark,APTIV PLC,118122,22057,2015
Gregory T. Lucier,LIFE TECHNOLOGIES CORP,118577,34325,2007
Jeffery H. Boyd,BOOKING HOLDINGS INC,119314,12759,2007
Darren Richard Huston,BOOKING HOLDINGS INC,119314,43484,2014
Glenn D. Fogel,BOOKING HOLDINGS INC,119314,43297,2017
Eric J. Foss,PEPSI BOTTLING GROUP INC,119417,21139,2007
J. Brett Harvey,CNX RESOURCES CORPORATION,120093,30189,2007
Nicholas J. DeIuliis,CNX RESOURCES CORPORATION,120093,30193,2014
Susan M. Cameron,REYNOLDS AMERICAN INC,120877,27675,2007
Daniel M. Delen,REYNOLDS AMERICAN INC,120877,32680,2011
John McAdam,F5 NETWORKS INC,121077,4247,2007
Manuel F. Rivelo,F5 NETWORKS INC,121077,43767,2015
Franois Locoh-Donou,F5 NETWORKS INC,121077,42945,2018
Jeffrey A. Stoops,SBA COMMUNICATIONS CORP,121382,51888,2007
Scott G. Kriens,JUNIPER NETWORKS INC,121718,7333,2007
Kevin R. Johnson,JUNIPER NETWORKS INC,121718,27193,2008
Shaygan Kheradpir,JUNIPER NETWORKS INC,121718,47616,2014
Rami Rahim,JUNIPER NETWORKS INC,121718,44513,2015
"Ronald E. Hermance, Jr.",HUDSON CITY BANCORP INC,122015,24679,2007
Matthew Szulik,RED HAT INC,122841,36121,2007
James M. Whitehurst,RED HAT INC,122841,28220,2008
Laurence Douglas Fink,BLACKROCK INC,124434,27717,2007
Richard L. Wambold,PACTIV CORP,125533,19115,2007
Paul L. Sagan,AKAMAI TECHNOLOGIES INC,125595,18624,2007
F. Thomson Leighton,AKAMAI TECHNOLOGIES INC,125595,46050,2013
Kornelis Smit,CHARTER COMMUNICATIONS INC,126136,42456,2007
Michael J. Lovett,CHARTER COMMUNICATIONS INC,126136,50135,2010
Thomas M. Rutledge,CHARTER COMMUNICATIONS INC,126136,40632,2012
Dara Khosrowshahi,EXPEDIA GROUP INC,126296,16588,2007
Mark D. Okerstrom,EXPEDIA GROUP INC,126296,43301,2018
William P. Sullivan,AGILENT TECHNOLOGIES INC,126554,18350,2007
Michael R. McMullen,AGILENT TECHNOLOGIES INC,126554,37687,2015
Paul Thomas Stecko,PACKAGING CORP OF AMERICA,128978,10724,2007
Mark W. Kowlzan,PACKAGING CORP OF AMERICA,128978,22382,2010
Michael A. Mussallem,EDWARDS LIFESCIENCES CORP,133366,12601,2007
Carl Robert Henrikson,METLIFE INC,133768,20975,2007
Steven Albert Kandarian,METLIFE INC,133768,35296,2011
Michel Abbas Khalaf,METLIFE INC,133768,43019,2019
Mary Agnes Wilderotter,FRONTIER COMMUNICATIONS CORP,135484,28242,2007
Daniel J. McCarthy,FRONTIER COMMUNICATIONS CORP,135484,28243,2015
David W. Crane,NRG ENERGY INC,135990,37704,2007
Mauricio Gutierrez,NRG ENERGY INC,135990,40289,2016
Lonnie M. Smith,INTUITIVE SURGICAL INC,136725,1370,2007
Gary S. Guthart,INTUITIVE SURGICAL INC,136725,28608,2010
Gary Douglas Black,JANUS CAPITAL GROUP INC,137232,27993,2007
Richard MacCoy Weil,JANUS CAPITAL GROUP INC,137232,41044,2010
Jay T. Flatley,ILLUMINA INC,138205,48495,2007
Francis A. deSouza,ILLUMINA INC,138205,43454,2017
Stephen M. Smith,EQUINIX INC,138743,36529,2007
Charles J. Meyers,EQUINIX INC,138743,41710,2019
"Kevin J. Kennedy, Ph.D.",AVAYA INC,139662,25510,2009
"Raymond W. McDaniel, Jr.",MOODY'S CORP,139665,20106,2007
Lew Frankfort,TAPESTRY INC,140541,21393,2007
Victor Luis,TAPESTRY INC,140541,45076,2015
Hugh Grant,MONSANTO CO,140760,23086,2007
Thomas M. Prescott,ALIGN TECHNOLOGY INC,141384,36420,2007
Joseph M. Hogan,ALIGN TECHNOLOGY INC,141384,48843,2015
Donald L. Blankenship,MASSEY ENERGY CO,141400,2655,2007
Min-Hwan Kao,GARMIN LTD,141459,43795,2007
Clifton Albert Pemble,GARMIN LTD,141459,43797,2013
Paul R. Garcia,GLOBAL PAYMENTS INC,141913,20028,2007
"Jeffrey S. Sloan, J.D.",GLOBAL PAYMENTS INC,141913,41989,2013
Gregory H. Boyce,PEABODY ENERGY CORP,142460,27824,2007
Glenn L. Kellow,PEABODY ENERGY CORP,142460,46067,2015
Peter D. Kinnear,FMC TECHNOLOGIES INC,142811,26240,2007
John T. Gremp,FMC TECHNOLOGIES INC,142811,31510,2011
Irene B. Rosenfeld,MONDELEZ INTERNATIONAL INC,142953,23077,2007
Dirk Van de Put,MONDELEZ INTERNATIONAL INC,142953,55218,2018
Arthur Frederick Ryan,PRUDENTIAL FINANCIAL INC,143356,1367,2007
"John Robert Strangfeld, Jr.",PRUDENTIAL FINANCIAL INC,143356,23597,2008
"Charles Frederick Lowrey, Jr.",PRUDENTIAL FINANCIAL INC,143356,43040,2019
William D. Green,ACCENTURE PLC,143357,23074,2007
Pierre Nanterme,ACCENTURE PLC,143357,42282,2011
David P. Rowland,ACCENTURE PLC,143357,45297,2019
J. Michael Parks,ALLIANCE DATA SYSTEMS CORP,143974,29619,2007
Edward J. Heffernan,ALLIANCE DATA SYSTEMS CORP,143974,29621,2009
Melisa A. Miller,ALLIANCE DATA SYSTEMS CORP,143974,44528,2019
Dominic J. Casserley,WILLIS TOWERS WATSON PLC,144009,48512,2013
John J. Haley,WILLIS TOWERS WATSON PLC,144009,25711,2016
Clayton M. Jones,ROCKWELL COLLINS,144066,17968,2007
Robert K. Ortberg,ROCKWELL COLLINS,144066,32337,2014
David C. Dvorak,ZIMMER BIOMET HOLDINGS INC,144559,13655,2007
Bryan C. Hanson,ZIMMER BIOMET HOLDINGS INC,144559,43149,2018
Angela Rose Fick Braly,ANTHEM INC,145046,32716,2007
"Joseph R. Swedish, M.H.A.",ANTHEM INC,145046,46075,2013
Gail Koziara Boudreaux,ANTHEM INC,145046,41281,2018
R. Richard Fontaine,GAMESTOP CORP,145049,28732,2007
Daniel A. DeMatteo,GAMESTOP CORP,145049,28733,2008
J. Paul Raines,GAMESTOP CORP,145049,35719,2010
Shane S. Kim,GAMESTOP CORP,145049,56940,2018
George E. Sherman,GAMESTOP CORP,145049,46080,2019
Michael Frederic Neidorff,CENTENE CORP,145552,34400,2007
John Barry Griswell,PRINCIPAL FINANCIAL GRP INC,145701,25293,2007
Larry Donald Zimpleman,PRINCIPAL FINANCIAL GRP INC,145701,26972,2008
Daniel Joseph Houston,PRINCIPAL FINANCIAL GRP INC,145701,37748,2016
John C. Brouillard,ADVANCE AUTO PARTS INC,145977,32731,2007
Darren R. Jackson,ADVANCE AUTO PARTS INC,145977,13283,2008
Thomas R. Greco,ADVANCE AUTO PARTS INC,145977,48641,2016
Vernon J. Nagel,ACUITY BRANDS INC,146017,11057,2007
Martin L. Orlowsky,LORILLARD INC,147175,34236,2007
Murray S. Kessler,LORILLARD INC,147175,20959,2011
"Wilmot Reed Hastings, Jr.",NETFLIX INC,147579,31461,2007
Walter Nicholas Howley,TRANSDIGM GROUP INC,148349,49893,2007
Kevin M. Stein,TRANSDIGM GROUP INC,148349,40318,2019
Craig Steven Donohue,CME GROUP INC,149070,27722,2007
Phupinder S. Gill,CME GROUP INC,149070,27723,2013
Terrence A. Duffy,CME GROUP INC,149070,32515,2017
Stephen A. Wynn,WYNN RESORTS LTD,149318,643,2007
Matthew Ode Maddox,WYNN RESORTS LTD,149318,35232,2018
Robert Greifeld,NASDAQ INC,149337,21017,2007
Adena T. Friedman,NASDAQ INC,149337,34245,2017
Jeffrey M. Peek,CIT GROUP INC,149738,16244,2007
John Alexander Thain,CIT GROUP INC,149738,18341,2010
Ellen R. Alemany,CIT GROUP INC,149738,48750,2016
F. H. Merelli,CIMAREX ENERGY CO,150699,21484,2007
Thomas E. Jorden,CIMAREX ENERGY CO,150699,21488,2012
William D. Watkins,SEAGATE TECHNOLOGY PLC,150937,15840,2007
Stephen J. Luczo,SEAGATE TECHNOLOGY PLC,150937,13950,2010
William David Mosley,SEAGATE TECHNOLOGY PLC,150937,36230,2018
Charles B. Stanley,QEP RESOURCES INC,154357,24878,2007
Joseph M. Holsten,LKQ CORP,155394,12579,2007
Robert Louis Wagman,LKQ CORP,155394,33249,2012
Dominick P. Zarcone,LKQ CORP,155394,48869,2017
Robert Brian Pollock,ASSURANT INC,157057,31140,2007
Alan B. Colberg,ASSURANT INC,157057,43067,2015
Marc R. Benioff,SALESFORCE.COM INC,157855,35712,2007
Michael Desmond Fraizer,GENWORTH FINANCIAL INC,158354,29595,2007
Thomas Joseph McInerney,GENWORTH FINANCIAL INC,158354,14472,2013
Richard Mitchell McVey,MARKETAXESS HOLDINGS INC,158742,43625,2007
Robert W. Selander,MASTERCARD INC,160225,34061,2007
Ajaypal S. Banga,MASTERCARD INC,160225,35245,2010
Christopher B. Begley,HOSPIRA INC,160255,23052,2007
F. Michael Ball,HOSPIRA INC,160255,14409,2011
Roger D. Linquist,METROPCS COMMUNICATIONS INC,160256,36123,2007
Eric E. Schmidt,ALPHABET INC,160329,14164,2007
Lawrence Edward Page,ALPHABET INC,160329,29840,2011
Sundar Pichai,ALPHABET INC,160329,49515,2019
Kenneth M. Woolley,EXTRA SPACE STORAGE INC,160479,33031,2007
Spencer F. Kirk,EXTRA SPACE STORAGE INC,160479,33035,2009
"Joseph D. Margolis, J.D.",EXTRA SPACE STORAGE INC,160479,49516,2017
Arthur William Stein,DIGITAL REALTY TRUST INC,160991,49787,2007
James T. Prokopanko,MOSAIC CO,162129,42304,2007
"James C. ORourke, P.Eng.",MOSAIC CO,162129,42302,2016
David N. Weidman,CELANESE CORP,162254,55721,2007
Mark C. Rohr,CELANESE CORP,162254,18845,2012
Lori J. Ryerkerk,CELANESE CORP,162254,58006,2019
Michael J. Quillen,ALPHA NATURAL RESOURCES INC,162448,9560,2007
Kevin S. Crutchfield,ALPHA NATURAL RESOURCES INC,162448,42006,2009
Scott C. Key,IHS MARKIT LTD,162906,51672,2009
Jerre L. Stead,IHS MARKIT LTD,162906,2191,2016
Lance Uggla,IHS MARKIT LTD,162906,51678,2018
Jeffrey C. Sprecher,INTERCONTINENTAL EXCHANGE,163610,33111,2007
Stephen R. Wilson,CF INDUSTRIES HOLDINGS INC,163946,32904,2007
W. Anthony Will,CF INDUSTRIES HOLDINGS INC,163946,39745,2014
"John C. Malone, Ph.D.",DISCOVERY INC,164296,921,2007
David M. Zaslav,DISCOVERY INC,164296,37849,2008
James M. Cracchiolo,AMERIPRISE FINANCIAL INC,164708,20871,2007
Kevin A. Plank,UNDER ARMOUR INC,165052,34354,2007
Kenneth C. Dahlberg,LEIDOS HOLDINGS INC,165123,23127,2007
Walter P. Havenstein,LEIDOS HOLDINGS INC,165123,40226,2010
John P. Jumper,LEIDOS HOLDINGS INC,165123,44759,2012
Roger A. Krone,LEIDOS HOLDINGS INC,165123,47692,2014
Philippe P. Dauman,VIACOM INC,165675,6035,2007
Robert Marc Bakish,VIACOM INC,165675,29718,2017
M. Steven Ells,CHIPOTLE MEXICAN GRILL INC,165914,34304,2007
Montgomery F. Moran,CHIPOTLE MEXICAN GRILL INC,165914,34305,2009
Brian R. Niccol,CHIPOTLE MEXICAN GRILL INC,165914,49383,2018
Lee A. Kennedy,FIDELITY NATIONAL INFO SVCS,165993,14525,2007
"Frank R. Martire, Jr.",FIDELITY NATIONAL INFO SVCS,165993,4433,2010
Gary Adam Norcross,FIDELITY NATIONAL INFO SVCS,165993,35378,2015
John Alexander Thain,NYSE EURONEXT,166451,18341,2007
Duncan L. Niederauer,NYSE EURONEXT,166451,33931,2008
Mark Elliot Zuckerberg,FACEBOOK INC,170617,45313,2011
Travis D. Stice,DIAMONDBACK ENERGY INC,170750,55737,2011
Greg C. Garland,PHILLIPS 66,170841,41249,2012
Richard A. Smith,REALOGY HOLDINGS CORP,174022,52987,2009
"Ryan M. Schneider, Ph.D.",REALOGY HOLDINGS CORP,174022,41392,2018
Daniel R. Hesse,EMBARQ CORP,174130,29161,2007
Thomas A. Gerke,EMBARQ CORP,174130,32620,2008
Jeffery R. Gardner,WINDSTREAM HOLDINGS INC,174490,27472,2007
Anthony W. Thomas,WINDSTREAM HOLDINGS INC,174490,37902,2015
Stephen P. Holmes,WYNDHAM DESTINATIONS INC,174729,7654,2007
Michael D. Brown,WYNDHAM DESTINATIONS INC,174729,54795,2018
Christina Albehdina Gold,WESTERN UNION CO,175263,5947,2007
Hikmet Ersek,WESTERN UNION CO,175263,34266,2011
Richard A. Noll,HANESBRANDS INC,175319,27203,2007
"Gerald W. Evans, Jr.",HANESBRANDS INC,175319,34323,2017
Michael J. Ahearn,FIRST SOLAR INC,175404,36549,2007
Robert J. Gillette,FIRST SOLAR INC,175404,29132,2010
James A. Hughes,FIRST SOLAR INC,175404,44576,2012
Mark R. Widmar,FIRST SOLAR INC,175404,31306,2016
Valentin P. Gapontsev,IPG PHOTONICS CORP,175955,46801,2007
Fred J. Fowler,SPECTRA ENERGY CORP,176282,12582,2007
Gregory Lorne Ebel,SPECTRA ENERGY CORP,176282,31206,2009
Glenn Alan Britt,TIME WARNER CABLE INC,176404,35664,2007
Robert D. Marcus,TIME WARNER CABLE INC,176404,35665,2014
Richard J. Daly,BROADRIDGE FINANCIAL SOLUTNS,176928,15963,2007
Richard J. Meelia,COVIDIEN PLC,177264,12153,2007
Jos E. Almeida,COVIDIEN PLC,177264,26835,2011
Thomas J. Lynch,TE CONNECTIVITY LTD,177267,24546,2007
"Terrence R. Curtin, CPA",TE CONNECTIVITY LTD,177267,34262,2017
David W. Nelms,DISCOVER FINANCIAL SVCS,177376,34228,2007
Roger Crosby Hochschild,DISCOVER FINANCIAL SVCS,177376,34229,2019
Timothy A. Leach,CONCHO RESOURCES INC,177884,11544,2007
Michael F. Koehler,TERADATA CORP,178310,25949,2007
Victor Lynn Lund,TERADATA CORP,178310,50,2016
Oliver Ratzesberger,TERADATA CORP,178310,50836,2019
Henry A. Fernandez,MSCI INC,178507,37930,2007
Lyn Kirby,ULTA BEAUTY INC,178704,49560,2007
Carl S. Rubin,ULTA BEAUTY INC,178704,28030,2011
Mary N. Dillon,ULTA BEAUTY INC,178704,41269,2013
"Donald L. Correll, CPA, CPA",AMERICAN WATER WORKS CO INC,179437,12905,2007
Jeffry E. Sterba,AMERICAN WATER WORKS CO INC,179437,4739,2011
Susan N. Story,AMERICAN WATER WORKS CO INC,179437,48903,2014
Joseph W. Saunders,VISA INC,179534,2502,2007
Charles W. Scharf,VISA INC,179534,20948,2013
"Alfred Francis Kelly, Jr.",VISA INC,179534,20872,2017
"Louis C. Camilleri, BA",PHILIP MORRIS INTERNATIONAL,179621,14417,2007
Andre Calantzopoulos,PHILIP MORRIS INTERNATIONAL,179621,32598,2013
Gilbert M. Cassagne,DR PEPPER SNAPPLE GROUP INC,179700,34815,2007
Larry D. Young,DR PEPPER SNAPPLE GROUP INC,179700,17685,2008
Kenneth W. Lowe,SCRIPPS NETWORKS INTERACTIVE,180167,21126,2007
Robert A. Kotick,ACTIVISION BLIZZARD INC,180405,22978,2008
Frank J. Coyne,VERISK ANALYTICS INC,180652,48323,2007
Scott G. Stephenson,VERISK ANALYTICS INC,180652,48319,2013
Hock E. Tan,BROADCOM INC,180711,10075,2007
Stephen W. Golsby,MEAD JOHNSON NUTRITION CO,180833,37954,2007
Peter Kasper Jakobsen,MEAD JOHNSON NUTRITION CO,180833,37956,2013
"David L. Schlotterbeck, B.S., M.S.",CAREFUSION CORP,183257,4074,2008
Kieran T. Gallahue,CAREFUSION CORP,183257,27254,2011
Ken Xie,FORTINET INC,183377,45673,2008
William J. Brodsky,CBOE GLOBAL MARKETS INC,184500,42379,2007
Edward T. Tilly,CBOE GLOBAL MARKETS INC,184500,42377,2013
Ronald F. Clarke,FLEETCOR TECHNOLOGIES INC,184700,55636,2009
"Sanjay K. Jha, Ph.D., B.E.",MOTOROLA MOBILITY HLDGS INC,186106,25842,2008
C. Michael Petters,HUNTINGTON INGALLS IND INC,186310,19390,2008
Gary R. Heminger,MARATHON PETROLEUM CORP,186989,29019,2008
Ralph A. Hill,WPX ENERGY INC,187128,29765,2008
Richard E. Muncrief,WPX ENERGY INC,187128,47762,2014
Christopher J. Klein,FORTUNE BRANDS HOME & SECUR,188255,25978,2008
Gretchen W. McClain,XYLEM INC,189491,32646,2008
Patrick K. Decker,XYLEM INC,189491,43691,2014
John D. Idol,CAPRI HOLDINGS LTD,198058,45334,2011
Stephen Kaufer,TRIPADVISOR INC,199356,43350,2011
W. Brett White,CBRE GROUP INC,260774,30552,2007
Robert E. Sulentic,CBRE GROUP INC,260774,31112,2013
Todd Suhayl Farha,WELLCARE HEALTH PLANS INC,260778,31719,2007
Heath Glenn Schiesser,WELLCARE HEALTH PLANS INC,260778,36102,2008
Alexander Robb Cunningham,WELLCARE HEALTH PLANS INC,260778,40236,2010
David J. Gallitano,WELLCARE HEALTH PLANS INC,260778,46183,2014
Kenneth Alan Burdick,WELLCARE HEALTH PLANS INC,260778,47763,2015
James L. Gallogly,LYONDELLBASELL INDUSTRIES NV,294524,31023,2009
Bhavesh V. Patel,LYONDELLBASELL INDUSTRIES NV,294524,43641,2015
David D. Petratis,ALLEGION PLC,316056,34850,2013
Beth A. Wozniak,NVENT ELECTRIC PLC,326688,49088,2016
