Symbol,Security,SEC filings,GICS Sector,GICS Sub-Industry,Headquarters Location,Date first added,CIK,Founded
MMM,3M Company,reports,Industrials,Industrial Conglomerates,"St. Paul, Minnesota",1976-08-09 00:00:00,66740.0,1902
ABT,Abbott Laboratories,reports,Health Care,Health Care Equipment,"North Chicago, Illinois",1964-03-31 00:00:00,1800.0,1888
ABBV,AbbVie Inc.,reports,Health Care,Pharmaceuticals,"North Chicago, Illinois",2012-12-31 00:00:00,1551152.0,2013 (1888)
ABMD,ABIOMED Inc,reports,Health Care,Health Care Equipment,"Danvers, Massachusetts",2018-05-31 00:00:00,815094.0,1981
ACN,Accenture plc,reports,Information Technology,IT Consulting & Other Services,"Dublin, Ireland",2011-07-06 00:00:00,1467373.0,1989
ATVI,Activision Blizzard,reports,Communication Services,Interactive Home Entertainment,"Santa Monica, California",2015-08-31 00:00:00,718877.0,2008
ADBE,Adobe Inc.,reports,Information Technology,Application Software,"San Jose, California",1997-05-05 00:00:00,796343.0,1982
AMD,Advanced Micro Devices Inc,reports,Information Technology,Semiconductors,"Santa Clara, California",2017-03-20 00:00:00,2488.0,1969
AAP,Advance Auto Parts,reports,Consumer Discretionary,Automotive Retail,"Raleigh, North Carolina",2015-07-09 00:00:00,1158449.0,1932
AES,AES Corp,reports,Utilities,Independent Power Producers & Energy Traders,"Arlington, Virginia",1998-10-02 00:00:00,874761.0,1981
AFL,AFLAC Inc,reports,Financials,Life & Health Insurance,"Columbus, Georgia",1999-05-28 00:00:00,4977.0,1955
A,Agilent Technologies Inc,reports,Health Care,Health Care Equipment,"Santa Clara, California",2000-06-05 00:00:00,1090872.0,1999
APD,Air Products & Chemicals Inc,reports,Materials,Industrial Gases,"Allentown, Pennsylvania",1985-04-30 00:00:00,2969.0,1940
AKAM,Akamai Technologies Inc,reports,Information Technology,Internet Services & Infrastructure,"Cambridge, Massachusetts",2007-07-12 00:00:00,1086222.0,1998
ALK,Alaska Air Group Inc,reports,Industrials,Airlines,"Seattle, Washington",2016-05-13 00:00:00,766421.0,1985
ALB,Albemarle Corp,reports,Materials,Specialty Chemicals,"Charlotte, North Carolina",2016-07-01 00:00:00,915913.0,1994
ARE,Alexandria Real Estate Equities,reports,Real Estate,Office REITs,"Pasadena, California",2017-03-20 00:00:00,1035443.0,1994
ALXN,Alexion Pharmaceuticals,reports,Health Care,Pharmaceuticals,"Boston, Massachusetts",2012-05-25 00:00:00,899866.0,1992
ALGN,Align Technology,reports,Health Care,Health Care Supplies,"San Jose, California",2017-06-19 00:00:00,1097149.0,1997
ALLE,Allegion,reports,Industrials,Building Products,"Dublin, Ireland",2013-12-02 00:00:00,1579241.0,1908
LNT,Alliant Energy Corp,reports,Utilities,Electric Utilities,"Madison, Wisconsin",2016-07-01 00:00:00,352541.0,1917
ALL,Allstate Corp,reports,Financials,Property & Casualty Insurance,"Northfield Township, Illinois",1995-07-13 00:00:00,899051.0,1931
GOOGL,Alphabet Inc. (Class A),reports,Communication Services,Interactive Media & Services,"Mountain View, California",2014-04-03 00:00:00,1652044.0,1998
GOOG,Alphabet Inc. (Class C),reports,Communication Services,Interactive Media & Services,"Mountain View, California",2006-04-03 00:00:00,1652044.0,1998
MO,Altria Group Inc,reports,Consumer Staples,Tobacco,"Richmond, Virginia",1957-03-04 00:00:00,764180.0,1985
AMZN,Amazon.com Inc.,reports,Consumer Discretionary,Internet & Direct Marketing Retail,"Seattle, Washington",2005-11-18 00:00:00,1018724.0,1994
AMCR,Amcor plc,reports,Materials,Paper Packaging,"Warmley, Bristol, United Kingdom",2019-06-07 00:00:00,1748790.0,2019 (1860)
AEE,Ameren Corp,reports,Utilities,Multi-Utilities,"St. Louis, Missouri",1991-09-19 00:00:00,1002910.0,1902
AAL,American Airlines Group,reports,Industrials,Airlines,"Fort Worth, Texas",2015-03-23 00:00:00,6201.0,1934
AEP,American Electric Power,reports,Utilities,Electric Utilities,"Columbus, Ohio",1957-03-04 00:00:00,4904.0,1906
AXP,American Express Co,reports,Financials,Consumer Finance,"New York, New York",1976-06-30 00:00:00,4962.0,1850
AIG,American International Group,reports,Financials,Property & Casualty Insurance,"New York, New York",1980-03-31 00:00:00,5272.0,1919
AMT,American Tower Corp.,reports,Real Estate,Specialized REITs,"Boston, Massachusetts",2007-11-19 00:00:00,1053507.0,1995
AWK,American Water Works Company Inc,reports,Utilities,Water Utilities,"Camden, New Jersey",2016-03-04 00:00:00,1410636.0,1886
AMP,Ameriprise Financial,reports,Financials,Asset Management & Custody Banks,"Minneapolis, Minnesota",2005-10-03 00:00:00,820027.0,1894
ABC,AmerisourceBergen Corp,reports,Health Care,Health Care Distributors,"Chesterbrook, Pennsylvania",2001-08-30 00:00:00,1140859.0,1985
AME,AMETEK Inc.,reports,Industrials,Electrical Components & Equipment,"Berwyn, Pennsylvania",2013-09-23 00:00:00,1037868.0,1930
AMGN,Amgen Inc.,reports,Health Care,Biotechnology,"Thousand Oaks, California",1992-01-02 00:00:00,318154.0,1980
APH,Amphenol Corp,reports,Information Technology,Electronic Components,"Wallingford, Connecticut",2008-09-30 00:00:00,820313.0,1932
ADI,"Analog Devices, Inc.",reports,Information Technology,Semiconductors,"Norwood, Massachusetts",1999-10-12 00:00:00,6281.0,1965
ANSS,"ANSYS, Inc.",reports,Information Technology,Application Software,"Canonsburg, Pennsylvania",2017-06-19 00:00:00,1013462.0,1969
ANTM,Anthem,reports,Health Care,Managed Health Care,"Indianapolis, Indiana",2002-07-25 00:00:00,1156039.0,2014 (1946)
AON,Aon plc,reports,Financials,Insurance Brokers,"London, United Kingdom",1996-04-23 00:00:00,315293.0,1982 (1919)
AOS,A.O. Smith Corp,reports,Industrials,Building Products,"Milwaukee, Wisconsin",2017-07-26 00:00:00,91142.0,1916
APA,Apache Corporation,reports,Energy,Oil & Gas Exploration & Production,"Houston, Texas",1997-07-28 00:00:00,6769.0,1954
AAPL,Apple Inc.,reports,Information Technology,"Technology Hardware, Storage & Peripherals","Cupertino, California",1982-11-30 00:00:00,320193.0,1977
AMAT,Applied Materials Inc.,reports,Information Technology,Semiconductor Equipment,"Santa Clara, California",1995-03-16 00:00:00,6951.0,1967
APTV,Aptiv PLC,reports,Consumer Discretionary,Auto Parts & Equipment,"Dublin, Ireland",2012-12-24 00:00:00,1521332.0,1994
ADM,Archer-Daniels-Midland Co,reports,Consumer Staples,Agricultural Products,"Chicago, Illinois",1981-07-29 00:00:00,7084.0,1902
ANET,Arista Networks,reports,Information Technology,Communications Equipment,"Santa Clara, California",2018-08-28 00:00:00,1596532.0,2004
AJG,Arthur J. Gallagher & Co.,reports,Financials,Insurance Brokers,"Itasca, Illinois",2016-05-31 00:00:00,354190.0,1927
AIZ,Assurant,reports,Financials,Multi-line Insurance,"New York, New York",2007-04-10 00:00:00,1267238.0,1892
T,AT&T Inc.,reports,Communication Services,Integrated Telecommunication Services,"Dallas, Texas",1983-11-30 (1957-03-04),732717.0,1983 (1885)
ATO,Atmos Energy,reports,Utilities,Gas Utilities,"Dallas, Texas",2019-02-15 00:00:00,731802.0,1906
ADSK,Autodesk Inc.,reports,Information Technology,Application Software,"San Rafael, California",1989-12-01 00:00:00,769397.0,1982
ADP,Automatic Data Processing,reports,Information Technology,Data Processing & Outsourced Services,"Roseland, New Jersey",1981-03-31 00:00:00,8670.0,1949
AZO,AutoZone Inc,reports,Consumer Discretionary,Specialty Stores,"Memphis, Tennessee",1997-01-02 00:00:00,866787.0,1979
AVB,AvalonBay Communities,reports,Real Estate,Residential REITs,"Arlington, Virginia[3]",2007-01-10 00:00:00,915912.0,1978
AVY,Avery Dennison Corp,reports,Materials,Paper Packaging,"Glendale, California",1987-12-31 00:00:00,8818.0,1990
BKR,Baker Hughes Co,reports,Energy,Oil & Gas Equipment & Services,"Houston, Texas",2017-07-07 00:00:00,1701605.0,2017
BLL,Ball Corp,reports,Materials,Metal & Glass Containers,"Broomfield, Colorado",1984-10-31 00:00:00,9389.0,1880
BAC,Bank of America Corp,reports,Financials,Diversified Banks,"Charlotte, North Carolina",1976-06-30 00:00:00,70858.0,1998 (1923 / 1874)
BK,The Bank of New York Mellon,reports,Financials,Asset Management & Custody Banks,"New York, New York",1995-03-31 00:00:00,1390777.0,1784
BAX,Baxter International Inc.,reports,Health Care,Health Care Equipment,"Deerfield, Illinois",1972-09-30 00:00:00,10456.0,1931
BDX,Becton Dickinson,reports,Health Care,Health Care Equipment,"Franklin Lakes, New Jersey",1972-09-30 00:00:00,10795.0,1897
BRK.B,Berkshire Hathaway,reports,Financials,Multi-Sector Holdings,"Omaha, Nebraska",2010-02-16 00:00:00,1067983.0,1839
BBY,Best Buy Co. Inc.,reports,Consumer Discretionary,Computer & Electronics Retail,"Richfield, Minnesota",1999-06-29 00:00:00,764478.0,1966
BIO,Bio-Rad Laboratories,reports,Health Care,Life Sciences Tools & Services,"Hercules, California",2020-06-22 00:00:00,12208.0,1952
BIIB,Biogen Inc.,reports,Health Care,Biotechnology,"Cambridge, Massachusetts",2003-11-13 00:00:00,875045.0,1978
BLK,BlackRock,reports,Financials,Asset Management & Custody Banks,"New York, New York",2011-04-04 00:00:00,1364742.0,1988
BA,Boeing Company,reports,Industrials,Aerospace & Defense,"Chicago, Illinois",1957-03-04 00:00:00,12927.0,1916
BKNG,Booking Holdings Inc,reports,Consumer Discretionary,Internet & Direct Marketing Retail,"Norwalk, Connecticut",2009-11-06 00:00:00,1075531.0,1996
BWA,BorgWarner,reports,Consumer Discretionary,Auto Parts & Equipment,"Auburn Hills, Michigan",2011-12-19 00:00:00,908255.0,1880
BXP,Boston Properties,reports,Real Estate,Office REITs,"Boston, Massachusetts",2006-04-03 00:00:00,1037540.0,1970
BSX,Boston Scientific,reports,Health Care,Health Care Equipment,"Marlborough, Massachusetts[4]",1995-02-24 00:00:00,885725.0,1979
BMY,Bristol-Myers Squibb,reports,Health Care,Health Care Distributors,"New York, New York",1957-03-04 00:00:00,14272.0,1989
AVGO,Broadcom Inc.,reports,Information Technology,Semiconductors,"San Jose, California",2014-05-08 00:00:00,1730168.0,1961
BR,Broadridge Financial Solutions,reports,Information Technology,Data Processing & Outsourced Services,"Lake Success, New York",2018-06-18 00:00:00,1383312.0,1962
BF.B,Brown-Forman Corp.,reports,Consumer Staples,Distillers & Vintners,"Louisville, Kentucky",1982-10-31 00:00:00,14693.0,1870
CHRW,C. H. Robinson Worldwide,reports,Industrials,Air Freight & Logistics,"Eden Prairie, Minnesota",2007-03-02 00:00:00,1043277.0,1905
COG,Cabot Oil & Gas,reports,Energy,Oil & Gas Exploration & Production,"Houston, Texas",2008-06-23 00:00:00,858470.0,1989
CDNS,Cadence Design Systems,reports,Information Technology,Application Software,"San Jose, California",2017-09-18 00:00:00,813672.0,1988
CPB,Campbell Soup,reports,Consumer Staples,Packaged Foods & Meats,"Camden, New Jersey",1957-03-04 00:00:00,16732.0,1869
COF,Capital One Financial,reports,Financials,Consumer Finance,"Tysons Corner, Virginia",1998-07-01 00:00:00,927628.0,1935
CAH,Cardinal Health Inc.,reports,Health Care,Health Care Distributors,"Dublin, Ohio",1997-05-27 00:00:00,721371.0,1971
KMX,Carmax Inc,reports,Consumer Discretionary,Specialty Stores,"Richmond, Virginia",2010-06-28 00:00:00,1170010.0,1993
CCL,Carnival Corp.,reports,Consumer Discretionary,"Hotels, Resorts & Cruise Lines","Miami, Florida",1998-12-22 00:00:00,815097.0,1972
CARR,Carrier Global,reports,Industrials,Building Products,"Palm Beach Gardens, Florida",2020-04-03 00:00:00,1783180.0,2020 (1915)
CTLT,Catalent,reports,Health Care,Pharmaceuticals,"Somerset, New Jersey",2020-09-21 00:00:00,1596783.0,2007
CAT,Caterpillar Inc.,reports,Industrials,Construction Machinery & Heavy Trucks,"Deerfield, Illinois",1957-03-04 00:00:00,18230.0,1925
CBOE,Cboe Global Markets,reports,Financials,Financial Exchanges & Data,"Chicago, Illinois",2017-03-01 00:00:00,1374310.0,1973
CBRE,CBRE Group,reports,Real Estate,Real Estate Services,"Dallas, Texas",2006-11-10 00:00:00,1138118.0,1906
CDW,CDW,reports,Information Technology,Technology Distributors,"Lincolnshire, Illinois",2019-09-23 00:00:00,1402057.0,1984
CE,Celanese,reports,Materials,Specialty Chemicals,"Irving, Texas",2018-12-24 00:00:00,1306830.0,1918
CNC,Centene Corporation,reports,Health Care,Managed Health Care,"St. Louis, Missouri",2016-03-30 00:00:00,1071739.0,1984
CNP,CenterPoint Energy,reports,Utilities,Multi-Utilities,"Houston, Texas",1985-07-31 00:00:00,1130310.0,1882
CERN,Cerner,reports,Health Care,Health Care Technology,"North Kansas City, Missouri",2010-04-30 00:00:00,804753.0,1979
CF,CF Industries Holdings Inc,reports,Materials,Fertilizers & Agricultural Chemicals,"Deerfield, Illinois",2008-08-27 00:00:00,1324404.0,1946
SCHW,Charles Schwab Corporation,reports,Financials,Investment Banking & Brokerage,"Westlake, Texas",1997-06-02 00:00:00,316709.0,1971
CHTR,Charter Communications,reports,Communication Services,Cable & Satellite,"Stamford, Connecticut",2016-09-08 00:00:00,1091667.0,1993
CVX,Chevron Corp.,reports,Energy,Integrated Oil & Gas,"San Ramon, California",1957-03-04 00:00:00,93410.0,1879
CMG,Chipotle Mexican Grill,reports,Consumer Discretionary,Restaurants,"Newport Beach, California",2011-04-28 00:00:00,1058090.0,1993
CB,Chubb Limited,reports,Financials,Property & Casualty Insurance,"Zurich, Switzerland",2010-07-15 00:00:00,896159.0,1985
CHD,Church & Dwight,reports,Consumer Staples,Household Products,"Ewing, New Jersey",2015-12-29 00:00:00,313927.0,1847
CI,CIGNA Corp.,reports,Health Care,Managed Health Care,"Bloomfield, Connecticut",1976-06-30 00:00:00,1739940.0,1982
CINF,Cincinnati Financial,reports,Financials,Property & Casualty Insurance,"Fairfield, Ohio",1997-12-18 00:00:00,20286.0,1950
CTAS,Cintas Corporation,reports,Industrials,Diversified Support Services,"Mason, Ohio",2001-03-01 00:00:00,723254.0,1929
CSCO,Cisco Systems,reports,Information Technology,Communications Equipment,"San Jose, California",1993-12-01 00:00:00,858877.0,1984
C,Citigroup Inc.,reports,Financials,Diversified Banks,"New York, New York",1988-05-31 00:00:00,831001.0,1998
CFG,Citizens Financial Group,reports,Financials,Regional Banks,"Providence, Rhode Island",2016-01-29 00:00:00,759944.0,1828
CTXS,Citrix Systems,reports,Information Technology,Application Software,"Fort Lauderdale, Florida",1999-12-01 00:00:00,877890.0,1989
CLX,The Clorox Company,reports,Consumer Staples,Household Products,"Oakland, California",1969-03-31 00:00:00,21076.0,1913
CME,CME Group Inc.,reports,Financials,Financial Exchanges & Data,"Chicago, Illinois",2006-08-11 00:00:00,1156375.0,1848
CMS,CMS Energy,reports,Utilities,Multi-Utilities,"Jackson, Michigan",1999-05-03 00:00:00,811156.0,1886
KO,Coca-Cola Company,reports,Consumer Staples,Soft Drinks,"Atlanta, Georgia",1957-03-04 00:00:00,21344.0,1886
CTSH,Cognizant Technology Solutions,reports,Information Technology,IT Consulting & Other Services,"Teaneck, New Jersey",2006-11-17 00:00:00,1058290.0,1994
CL,Colgate-Palmolive,reports,Consumer Staples,Household Products,"New York, New York",1957-03-04 00:00:00,21665.0,1806
CMCSA,Comcast Corp.,reports,Communication Services,Cable & Satellite,"Philadelphia, Pennsylvania",2002-11-19 00:00:00,1166691.0,1963
CMA,Comerica Inc.,reports,Financials,Diversified Banks,"Dallas, Texas",1995-12-01 00:00:00,28412.0,1849
CAG,Conagra Brands,reports,Consumer Staples,Packaged Foods & Meats,"Chicago, Illinois",1983-08-31 00:00:00,23217.0,1919
COP,ConocoPhillips,reports,Energy,Oil & Gas Exploration & Production,"Houston, Texas",1957-03-04 00:00:00,1163165.0,2002
ED,Consolidated Edison,reports,Utilities,Electric Utilities,"New York, New York",,1047862.0,1823
STZ,Constellation Brands,reports,Consumer Staples,Distillers & Vintners,"Victor, New York",2005-07-01 00:00:00,16918.0,1945
COO,The Cooper Companies,reports,Health Care,Health Care Supplies,"San Ramon, California",2016-09-23 00:00:00,711404.0,1958
CPRT,Copart Inc,reports,Industrials,Diversified Support Services,"Dallas, Texas",2018-07-02 00:00:00,900075.0,1982
GLW,Corning Inc.,reports,Information Technology,Electronic Components,"Corning, New York",,24741.0,1851
CTVA,Corteva,reports,Materials,Fertilizers & Agricultural Chemicals,"Wilmington, Delaware",2019-06-03 00:00:00,1755672.0,2019
COST,Costco Wholesale Corp.,reports,Consumer Staples,Hypermarkets & Super Centers,"Issaquah, Washington",1993-10-01 00:00:00,909832.0,1976
CCI,Crown Castle International Corp.,reports,Real Estate,Specialized REITs,"Houston, Texas",2012-03-14 00:00:00,1051470.0,1994
CSX,CSX Corp.,reports,Industrials,Railroads,"Jacksonville, Florida",1967-09-30 00:00:00,277948.0,1980
CMI,Cummins Inc.,reports,Industrials,Industrial Machinery,"Columbus, Indiana",1965-03-31 00:00:00,26172.0,1919
CVS,CVS Health,reports,Health Care,Health Care Services,"Woonsocket, Rhode Island",1957-03-04 00:00:00,64803.0,1996
DHI,D. R. Horton,reports,Consumer Discretionary,Homebuilding,"Fort Worth, Texas",2005-06-22 00:00:00,882184.0,1978
DHR,Danaher Corp.,reports,Health Care,Health Care Equipment,"Washington, D.C.",,313616.0,1969
DRI,Darden Restaurants,reports,Consumer Discretionary,Restaurants,"Orlando, Florida",,940944.0,1938
DVA,DaVita Inc.,reports,Health Care,Health Care Facilities,"Denver, Colorado",2008-07-31 00:00:00,927066.0,1979
DE,Deere & Co.,reports,Industrials,Agricultural & Farm Machinery,"Moline, Illinois",1957-03-04 00:00:00,315189.0,1837
DAL,Delta Air Lines Inc.,reports,Industrials,Airlines,"Atlanta, Georgia",2013-09-11 00:00:00,27904.0,1929
XRAY,Dentsply Sirona,reports,Health Care,Health Care Supplies,"Charlotte, North Carolina",2008-11-14 00:00:00,818479.0,2016 (1969)
DVN,Devon Energy,reports,Energy,Oil & Gas Exploration & Production,"Oklahoma City, Oklahoma",2000-08-30 00:00:00,1090012.0,1971
DXCM,DexCom,reports,Health Care,Health Care Equipment,"San Diego, California",2020-05-12 00:00:00,1093557.0,1999
FANG,Diamondback Energy,reports,Energy,Oil & Gas Exploration & Production,"Midland, Texas",2018-12-03 00:00:00,1539838.0,2007
DLR,Digital Realty Trust Inc,reports,Real Estate,Specialized REITs,"San Francisco, California",2016-05-18 00:00:00,1297996.0,2004
DFS,Discover Financial Services,reports,Financials,Consumer Finance,"Riverwoods, Illinois",2007-07-02 00:00:00,1393612.0,1985
DISCA,"Discovery, Inc. (Class A)",reports,Communication Services,Broadcasting,"New York, New York",2010-03-01 00:00:00,1437107.0,1985
DISCK,"Discovery, Inc. (Class C)",reports,Communication Services,Broadcasting,"New York, New York",2014-08-07 00:00:00,1437107.0,1985
DISH,Dish Network,reports,Communication Services,Cable & Satellite,"Meridian, Colorado",2017-03-13 00:00:00,1001082.0,1980
DG,Dollar General,reports,Consumer Discretionary,General Merchandise Stores,"Goodlettsville, Tennessee",2012-12-03 00:00:00,29534.0,1939
DLTR,Dollar Tree,reports,Consumer Discretionary,General Merchandise Stores,"Chesapeake, Virginia",2011-12-19 00:00:00,935703.0,1986
D,Dominion Energy,reports,Utilities,Electric Utilities,"Richmond, Virginia",,715957.0,1983
DPZ,Domino's Pizza,reports,Consumer Discretionary,Restaurants,"Ann Arbor, Michigan",2020-05-12 00:00:00,1286681.0,1960
DOV,Dover Corporation,reports,Industrials,Industrial Machinery,"Downers Grove, Illinois",1985-10-31 00:00:00,29905.0,1955
DOW,Dow Inc.,reports,Materials,Commodity Chemicals,"Midland, Michigan",2019-04-01 00:00:00,1751788.0,2019
DTE,DTE Energy Co.,reports,Utilities,Multi-Utilities,"Detroit, Michigan",1957-03-04 00:00:00,936340.0,1995
DUK,Duke Energy,reports,Utilities,Electric Utilities,"Charlotte, North Carolina",1976-06-30 00:00:00,1326160.0,1904
DRE,Duke Realty Corp,reports,Real Estate,Industrial REITs,"Indianapolis, Indiana",2017-07-26 00:00:00,783280.0,1972
DD,DuPont de Nemours Inc,reports,Materials,Specialty Chemicals,"Wilmington, Delaware",2019-04-02 00:00:00,1666700.0,2017
DXC,DXC Technology,reports,Information Technology,IT Consulting & Other Services,"Tysons Corner, Virginia",2017-04-04 00:00:00,1688568.0,2017
EMN,Eastman Chemical,reports,Materials,Diversified Chemicals,"Kingsport, Tennessee",1994-01-01 00:00:00,915389.0,1920
ETN,Eaton Corporation,reports,Industrials,Electrical Components & Equipment,"Dublin, Ireland",,1551182.0,1911
EBAY,eBay Inc.,reports,Consumer Discretionary,Internet & Direct Marketing Retail,"San Jose, California",,1065088.0,1995
ECL,Ecolab Inc.,reports,Materials,Specialty Chemicals,"St. Paul, Minnesota",1989-01-31 00:00:00,31462.0,1923
EIX,Edison Int'l,reports,Utilities,Electric Utilities,"Rosemead, California",1957-03-04 00:00:00,827052.0,1886
EW,Edwards Lifesciences,reports,Health Care,Health Care Equipment,"Irvine, California",2011-04-01 00:00:00,1099800.0,1958
EA,Electronic Arts,reports,Communication Services,Interactive Home Entertainment,"Redwood City, California",2002-07-22 00:00:00,712515.0,1982
EMR,Emerson Electric Company,reports,Industrials,Electrical Components & Equipment,"Ferguson, Missouri",1965-03-31 00:00:00,32604.0,1890
ENPH,Enphase Energy,reports,Information Technology,Semiconductor Equipment,"Fremont, California",2021-01-07 00:00:00,1463101.0,2006
ETR,Entergy Corp.,reports,Utilities,Electric Utilities,"New Orleans, Louisiana",1957-03-04 00:00:00,65984.0,1913
EOG,EOG Resources,reports,Energy,Oil & Gas Exploration & Production,"Houston, Texas",2000-11-02 00:00:00,821189.0,1999
EFX,Equifax Inc.,reports,Industrials,Research & Consulting Services,"Atlanta, Georgia",1997-06-19 00:00:00,33185.0,1899
EQIX,Equinix,reports,Real Estate,Specialized REITs,"Redwood City, California",2015-03-20 00:00:00,1101239.0,1998
EQR,Equity Residential,reports,Real Estate,Residential REITs,"Chicago, Illinois",2001-12-03 00:00:00,906107.0,1969
ESS,"Essex Property Trust, Inc.",reports,Real Estate,Residential REITs,"San Mateo, California",2014-04-02 00:00:00,920522.0,1971
EL,Estée Lauder Companies,reports,Consumer Staples,Personal Products,"New York, New York",2006-01-05 00:00:00,1001250.0,1946
ETSY,Etsy,reports,Consumer Discretionary,Internet & Direct Marketing Retail,"Brooklyn, New York",2020-09-21 00:00:00,1370637.0,2005
EVRG,Evergy,reports,Utilities,Electric Utilities,"Kansas City, Missouri",2018-06-05 00:00:00,1711269.0,1909
ES,Eversource Energy,reports,Utilities,Multi-Utilities,"Hartford, Connecticut",,72741.0,1966
RE,Everest Re Group Ltd.,reports,Financials,Reinsurance,"Hamilton, Bermuda",2017-06-19 00:00:00,1095073.0,1973
EXC,Exelon Corp.,reports,Utilities,Multi-Utilities,"Chicago, Illinois",1957-03-04 00:00:00,1109357.0,2000
EXPE,Expedia Group,reports,Consumer Discretionary,Internet & Direct Marketing Retail,"Seattle, Washington",2007-10-02 00:00:00,1324424.0,1996
EXPD,Expeditors,reports,Industrials,Air Freight & Logistics,"Seattle, Washington",2007-10-10 00:00:00,746515.0,1979
EXR,Extra Space Storage,reports,Real Estate,Specialized REITs,"Salt Lake City, Utah",2016-01-19 00:00:00,1289490.0,1977
XOM,Exxon Mobil Corp.,reports,Energy,Integrated Oil & Gas,"Irving, Texas",1957-03-04 00:00:00,34088.0,1999
FFIV,F5 Networks,reports,Information Technology,Communications Equipment,"Seattle, Washington",2010-12-20 00:00:00,1048695.0,1996
FB,"Facebook, Inc.",reports,Communication Services,Interactive Media & Services,"Menlo Park, California",2013-12-23 00:00:00,1326801.0,2004
FAST,Fastenal Co,reports,Industrials,Building Products,"Winona, Minnesota",2008-09-15 00:00:00,815556.0,1967
FRT,Federal Realty Investment Trust,reports,Real Estate,Retail REITs,"Rockville, Maryland",2016-02-01 00:00:00,34903.0,1962
FDX,FedEx Corporation,reports,Industrials,Air Freight & Logistics,"Memphis, Tennessee",1980-12-31 00:00:00,1048911.0,1971
FIS,Fidelity National Information Services,reports,Information Technology,Data Processing & Outsourced Services,"Jacksonville, Florida",2006-11-10 00:00:00,1136893.0,1968
FITB,Fifth Third Bancorp,reports,Financials,Regional Banks,"Cincinnati, Ohio",,35527.0,1858
FE,FirstEnergy Corp,reports,Utilities,Electric Utilities,"Akron, Ohio",,1031296.0,1997
FRC,First Republic Bank,reports,Financials,Regional Banks,"San Francisco, California",2019-01-02 00:00:00,1132979.0,1985
FISV,Fiserv Inc,reports,Information Technology,Data Processing & Outsourced Services,"Brookfield, Wisconsin",2001-04-02 00:00:00,798354.0,1984
FLT,FleetCor Technologies Inc,reports,Information Technology,Data Processing & Outsourced Services,"Norcross, Georgia",2018-06-20 00:00:00,1175454.0,2000
FLIR,FLIR Systems,reports,Information Technology,Electronic Equipment & Instruments,"Wilsonville, Oregon",2009-01-02 00:00:00,354908.0,1978
FLS,Flowserve Corporation,reports,Industrials,Industrial Machinery,"Irving, Texas",2008-10-02 00:00:00,30625.0,1997
FMC,FMC Corporation,reports,Materials,Fertilizers & Agricultural Chemicals,"Philadelphia, Pennsylvania",2009-08-19 00:00:00,37785.0,1883
F,Ford Motor Company,reports,Consumer Discretionary,Automobile Manufacturers,"Dearborn, Michigan",1957-03-04 00:00:00,37996.0,1903
FTNT,Fortinet,reports,Information Technology,Systems Software,"Sunnyvale, California",2018-10-11 00:00:00,1262039.0,2000
FTV,Fortive Corp,reports,Industrials,Industrial Machinery,"Everett, Washington",2016-07-01 00:00:00,1659166.0,2016
FBHS,Fortune Brands Home & Security,reports,Industrials,Building Products,"Deerfield, Illinois",2016-06-22 00:00:00,1519751.0,2011 (1969)
FOXA,Fox Corporation (Class A),reports,Communication Services,Movies & Entertainment,"New York, New York",2013-07-01 00:00:00,1754301.0,2019
FOX,Fox Corporation (Class B),reports,Communication Services,Movies & Entertainment,"New York, New York",2015-09-18 00:00:00,1754301.0,2019
BEN,Franklin Resources,reports,Financials,Asset Management & Custody Banks,"San Mateo, California",,38777.0,1947
FCX,Freeport-McMoRan Inc.,reports,Materials,Copper,"Phoenix, Arizona",,831259.0,1912
GPS,Gap Inc.,reports,Consumer Discretionary,Apparel Retail,"San Francisco, California",1986-08-31 00:00:00,39911.0,1969
GRMN,Garmin Ltd.,reports,Consumer Discretionary,Consumer Electronics,"Schaffhausen, Switzerland",2012-12-12 00:00:00,1121788.0,1989
IT,Gartner Inc,reports,Information Technology,IT Consulting & Other Services,"Stamford, Connecticut",2017-04-05 00:00:00,749251.0,1979
GD,General Dynamics,reports,Industrials,Aerospace & Defense,"Falls Church, Virginia",1957-03-04 00:00:00,40533.0,1899
GE,General Electric,reports,Industrials,Industrial Conglomerates,"Boston, Massachusetts",,40545.0,1892
GIS,General Mills,reports,Consumer Staples,Packaged Foods & Meats,"Golden Valley, Minnesota",1969-03-31 00:00:00,40704.0,1856
GM,General Motors,reports,Consumer Discretionary,Automobile Manufacturers,"Detroit, Michigan",2013-06-06 00:00:00,1467858.0,1908
GPC,Genuine Parts,reports,Consumer Discretionary,Specialty Stores,"Atlanta, Georgia",1973-12-31 00:00:00,40987.0,1925
GILD,Gilead Sciences,reports,Health Care,Biotechnology,"Foster City, California",2004-07-01 00:00:00,882095.0,1987
GL,Globe Life Inc.,reports,Financials,Life & Health Insurance,"McKinney, Texas",1989-04-30 00:00:00,320335.0,1900
GPN,Global Payments Inc.,reports,Information Technology,Data Processing & Outsourced Services,"Atlanta, Georgia",2016-04-25 00:00:00,1123360.0,2000
GS,Goldman Sachs Group,reports,Financials,Investment Banking & Brokerage,"New York, New York",2002-07-22 00:00:00,886982.0,1869
GWW,Grainger (W.W.) Inc.,reports,Industrials,Industrial Machinery,"Lake Forest, Illinois",1981-06-30 00:00:00,277135.0,1927
HAL,Halliburton Co.,reports,Energy,Oil & Gas Equipment & Services,"Houston, Texas",1957-03-04 00:00:00,45012.0,1919
HBI,Hanesbrands Inc,reports,Consumer Discretionary,"Apparel, Accessories & Luxury Goods","Winston-Salem, North Carolina",2015-03-20 00:00:00,1359841.0,2000
HIG,Hartford Financial Svc.Gp.,reports,Financials,Property & Casualty Insurance,"Hartford, Connecticut",1957-03-04 00:00:00,874766.0,1810
HAS,Hasbro Inc.,reports,Consumer Discretionary,Leisure Products,"Pawtucket, Rhode Island",1984-09-30 00:00:00,46080.0,1923
HCA,HCA Healthcare,reports,Health Care,Health Care Facilities,"Nashville, Tennessee",2015-01-27 00:00:00,860730.0,1968
PEAK,Healthpeak Properties,reports,Real Estate,Health Care REITs,"Long Beach, California",2008-03-31 00:00:00,765880.0,1985
HSIC,Henry Schein,reports,Health Care,Health Care Distributors,"Melville, New York",2015-03-17 00:00:00,1000228.0,1932
HSY,The Hershey Company,reports,Consumer Staples,Packaged Foods & Meats,"Hershey, Pennsylvania",1957-03-04 00:00:00,47111.0,1894
HES,Hess Corporation,reports,Energy,Integrated Oil & Gas,"New York, New York",1984-05-31 00:00:00,4447.0,1919
HPE,Hewlett Packard Enterprise,reports,Information Technology,"Technology Hardware, Storage & Peripherals","Houston, Texas",2015-11-02 00:00:00,1645590.0,2015
HLT,Hilton Worldwide Holdings Inc,reports,Consumer Discretionary,"Hotels, Resorts & Cruise Lines","Tysons Corner, Virginia",2017-06-19 00:00:00,1585689.0,1919
HFC,HollyFrontier Corp,reports,Energy,Oil & Gas Refining & Marketing,"Dallas, Texas",2018-06-18 00:00:00,48039.0,1947
HOLX,Hologic,reports,Health Care,Health Care Equipment,"Marlborough, Massachusetts",2016-03-30 00:00:00,859737.0,1985
HD,Home Depot,reports,Consumer Discretionary,Home Improvement Retail,"Atlanta, Georgia",1988-03-31 00:00:00,354950.0,1978
HON,Honeywell Int'l Inc.,reports,Industrials,Industrial Conglomerates,"Morristown, New Jersey",1964-03-31 00:00:00,773840.0,1906
HRL,Hormel Foods Corp.,reports,Consumer Staples,Packaged Foods & Meats,"Austin, Minnesota",2009-03-04 00:00:00,48465.0,1891
HST,Host Hotels & Resorts,reports,Real Estate,Hotel & Resort REITs,"Bethesda, Maryland",2007-03-20 00:00:00,1070750.0,1993
HWM,Howmet Aerospace,reports,Industrials,Aerospace & Defense,"Pittsburgh, Pennsylvania",1964-03-31 00:00:00,4281.0,2016
HPQ,HP Inc.,reports,Information Technology,"Technology Hardware, Storage & Peripherals","Palo Alto, California",1974-12-31 00:00:00,47217.0,1939 (2015)
HUM,Humana Inc.,reports,Health Care,Managed Health Care,"Louisville, Kentucky",,49071.0,1961
HBAN,Huntington Bancshares,reports,Financials,Regional Banks,"Columbus, Ohio",,49196.0,1866
HII,Huntington Ingalls Industries,reports,Industrials,Aerospace & Defense,"Newport News, Virginia",2018-01-03 00:00:00,1501585.0,2011
IEX,IDEX Corporation,reports,Industrials,Industrial Machinery,"Lake Forest, Illinois",2019-08-09 00:00:00,832101.0,1988
IDXX,IDEXX Laboratories,reports,Health Care,Health Care Equipment,"Westbrook, Maine",2017-01-05 00:00:00,874716.0,1983
INFO,IHS Markit Ltd.,reports,Industrials,Research & Consulting Services,"London, United Kingdom",2017-06-02 00:00:00,1598014.0,1959
ITW,Illinois Tool Works,reports,Industrials,Industrial Machinery,"Glenview, Illinois",1986-02-28 00:00:00,49826.0,1912
ILMN,Illumina Inc,reports,Health Care,Life Sciences Tools & Services,"San Diego, California",2015-11-19 00:00:00,1110803.0,1998
INCY,Incyte,reports,Health Care,Biotechnology,"Wilmington, Delaware",2017-02-28 00:00:00,879169.0,1991
IR,Ingersoll Rand,reports,Industrials,Industrial Machinery,"Milwaukee, Wisconsin",2020-03-03 00:00:00,1699150.0,1859
INTC,Intel Corp.,reports,Information Technology,Semiconductors,"Santa Clara, California",1976-12-31 00:00:00,50863.0,1968
ICE,Intercontinental Exchange,reports,Financials,Financial Exchanges & Data,"Atlanta, Georgia",2007-09-26 00:00:00,1571949.0,2000
IBM,International Business Machines,reports,Information Technology,IT Consulting & Other Services,"Armonk, New York",1957-03-04 00:00:00,51143.0,1911
IP,International Paper,reports,Materials,Paper Packaging,"Memphis, Tennessee",1957-03-04 00:00:00,51434.0,1898
IPG,Interpublic Group,reports,Communication Services,Advertising,"New York, New York",1992-10-01 00:00:00,51644.0,1961 (1930)
IFF,International Flavors & Fragrances,reports,Materials,Specialty Chemicals,"New York, New York",1976-03-31 00:00:00,51253.0,1958 (1889)
INTU,Intuit Inc.,reports,Information Technology,Application Software,"Mountain View, California",2000-12-05 00:00:00,896878.0,1983
ISRG,Intuitive Surgical Inc.,reports,Health Care,Health Care Equipment,"Sunnyvale, California",2008-06-02 00:00:00,1035267.0,1995
IVZ,Invesco Ltd.,reports,Financials,Asset Management & Custody Banks,"Atlanta, Georgia",2008-08-21 00:00:00,914208.0,1935
IPGP,IPG Photonics Corp.,reports,Information Technology,Electronic Manufacturing Services,"Oxford, Massachusetts",2018-03-07 00:00:00,1111928.0,1990
IQV,IQVIA Holdings Inc.,reports,Health Care,Life Sciences Tools & Services,"Durham, North Carolina",2017-08-29 00:00:00,1478242.0,1982
IRM,Iron Mountain Incorporated,reports,Real Estate,Specialized REITs,"Boston, Massachusetts",2009-01-06 00:00:00,1020569.0,1951
JKHY,Jack Henry & Associates,reports,Information Technology,Data Processing & Outsourced Services,"Monett, Missouri",2018-11-13 00:00:00,779152.0,1976
J,Jacobs Engineering Group,reports,Industrials,Construction & Engineering,"Dallas, Texas",2007-10-26 00:00:00,52988.0,1947
JBHT,J. B. Hunt Transport Services,reports,Industrials,Trucking,"Lowell, Arkansas",2015-07-01 00:00:00,728535.0,1961
SJM,JM Smucker,reports,Consumer Staples,Packaged Foods & Meats,"Orrville, Ohio",2008-11-06 00:00:00,91419.0,1897
JNJ,Johnson & Johnson,reports,Health Care,Pharmaceuticals,"New Brunswick, New Jersey",1973-06-30 00:00:00,200406.0,1886
JCI,Johnson Controls International,reports,Industrials,Building Products,"Cork, Ireland",2010-08-27 00:00:00,833444.0,1885
JPM,JPMorgan Chase & Co.,reports,Financials,Diversified Banks,"New York, New York",1975-06-30 00:00:00,19617.0,2000 (1799 / 1871)
JNPR,Juniper Networks,reports,Information Technology,Communications Equipment,"Sunnyvale, California",2006-06-02 00:00:00,1043604.0,1996
KSU,Kansas City Southern,reports,Industrials,Railroads,"Kansas City, Missouri",2013-05-24 00:00:00,54480.0,1887
K,Kellogg Co.,reports,Consumer Staples,Packaged Foods & Meats,"Battle Creek, Michigan",,55067.0,1906
KEY,KeyCorp,reports,Financials,Regional Banks,"Cleveland, Ohio",1994-03-01 00:00:00,91576.0,1825
KEYS,Keysight Technologies,reports,Information Technology,Electronic Equipment & Instruments,"Santa Rosa, California",2018-11-06 00:00:00,1601046.0,2014
KMB,Kimberly-Clark,reports,Consumer Staples,Household Products,"Irving, Texas",1957-03-04 00:00:00,55785.0,1872
KIM,Kimco Realty,reports,Real Estate,Retail REITs,"New Hyde Park, New York",2006-04-04 00:00:00,879101.0,1958
KMI,Kinder Morgan,reports,Energy,Oil & Gas Storage & Transportation,"Houston, Texas",2012-05-25 00:00:00,1506307.0,1997
KLAC,KLA Corporation,reports,Information Technology,Semiconductor Equipment,"Milpitas, California",,319201.0,1975/1977 (1997)
KHC,Kraft Heinz Co,reports,Consumer Staples,Packaged Foods & Meats,"Chicago, Illinois; Pittsburgh, Pennsylvania",2015-07-06 00:00:00,1637459.0,2015 (1869)
KR,Kroger Co.,reports,Consumer Staples,Food Retail,"Cincinnati, Ohio",1957-03-04 00:00:00,56873.0,1883
LB,L Brands Inc.,reports,Consumer Discretionary,Apparel Retail,"Columbus, Ohio",1983-09-30 00:00:00,701985.0,1963
LHX,L3Harris Technologies,reports,Industrials,Aerospace & Defense,"Melbourne, Florida",,202058.0,2019 (1895)
LH,Laboratory Corp. of America Holding,reports,Health Care,Health Care Services,"Burlington, North Carolina",2004-11-01 00:00:00,920148.0,1978
LRCX,Lam Research,reports,Information Technology,Semiconductor Equipment,"Fremont, California",2012-06-29 00:00:00,707549.0,1980
LW,Lamb Weston Holdings Inc,reports,Consumer Staples,Packaged Foods & Meats,"Eagle, Idaho",2018-12-03 00:00:00,1679273.0,2016 (1950)
LVS,Las Vegas Sands,reports,Consumer Discretionary,Casinos & Gaming,"Las Vegas, Nevada",2019-10-03 00:00:00,1300514.0,1988
LEG,Leggett & Platt,reports,Consumer Discretionary,Home Furnishings,"Carthage, Missouri",,58492.0,1883
LDOS,Leidos Holdings,reports,Information Technology,IT Consulting & Other Services,"Reston, Virginia",2019-08-09 00:00:00,1336920.0,1969
LEN,Lennar Corp.,reports,Consumer Discretionary,Homebuilding,"Miami, Florida",2005-10-04 00:00:00,920760.0,1954
LLY,Lilly (Eli) & Co.,reports,Health Care,Pharmaceuticals,"Indianapolis, Indiana",1970-12-31 00:00:00,59478.0,1876
LNC,Lincoln National,reports,Financials,Multi-line Insurance,"Radnor, Pennsylvania",1976-06-30 00:00:00,59558.0,1905
LIN,Linde plc,reports,Materials,Industrial Gases,"Guildford, Surrey, United Kingdom",1992-07-01 00:00:00,1707925.0,1879
LYV,Live Nation Entertainment,reports,Communication Services,Movies & Entertainment,"Beverly Hills, California",2019-12-23 00:00:00,1335258.0,2010
LKQ,LKQ Corporation,reports,Consumer Discretionary,Distributors,"Chicago, Illinois",2016-05-23 00:00:00,1065696.0,1998
LMT,Lockheed Martin Corp.,reports,Industrials,Aerospace & Defense,"Bethesda, Maryland",1984-07-31 00:00:00,936468.0,1995
L,Loews Corp.,reports,Financials,Multi-line Insurance,"New York, New York",,60086.0,1959
LOW,Lowe's Cos.,reports,Consumer Discretionary,Home Improvement Retail,"Mooresville, North Carolina",1984-02-29 00:00:00,60667.0,1904/1946/1959
LUMN,Lumen Technologies,reports,Communication Services,Alternative Carriers,"Monroe, Louisiana",1999-03-25 00:00:00,18926.0,1983 (1877)
LYB,LyondellBasell,reports,Materials,Specialty Chemicals,"Rotterdam, Netherlands",2012-09-05 00:00:00,1489393.0,2007
MTB,M&T Bank Corp.,reports,Financials,Regional Banks,"Buffalo, New York",2004-02-23 00:00:00,36270.0,1856
MRO,Marathon Oil Corp.,reports,Energy,Oil & Gas Exploration & Production,"Houston, Texas",1991-05-01 00:00:00,101778.0,1887
MPC,Marathon Petroleum,reports,Energy,Oil & Gas Refining & Marketing,"Findlay, Ohio",2011-07-01 00:00:00,1510295.0,2009 (1887)
MKTX,MarketAxess,reports,Financials,Financial Exchanges & Data,"New York, New York",2019-07-01 00:00:00,1278021.0,2000
MAR,Marriott Int'l.,reports,Consumer Discretionary,"Hotels, Resorts & Cruise Lines","Bethesda, Maryland",,1048286.0,1927
MMC,Marsh & McLennan,reports,Financials,Insurance Brokers,"New York, New York",1987-08-31 00:00:00,62709.0,1905
MLM,Martin Marietta Materials,reports,Materials,Construction Materials,"Raleigh, North Carolina",2014-07-02 00:00:00,916076.0,1993
MAS,Masco Corp.,reports,Industrials,Building Products,"Livonia, Michigan",1981-06-30 00:00:00,62996.0,1929
MA,Mastercard Inc.,reports,Information Technology,Data Processing & Outsourced Services,"Harrison, New York",2008-07-18 00:00:00,1141391.0,1966
MKC,McCormick & Co.,reports,Consumer Staples,Packaged Foods & Meats,"Hunt Valley, Maryland",,63754.0,1889
MXIM,Maxim Integrated Products Inc,reports,Information Technology,Semiconductors,"San Jose, California",2018-12-03 00:00:00,743316.0,1983
MCD,McDonald's Corp.,reports,Consumer Discretionary,Restaurants,"Chicago, Illinois",1970-06-30 00:00:00,63908.0,1940
MCK,McKesson Corp.,reports,Health Care,Health Care Distributors,"Irving, Texas",,927653.0,1833
MDT,Medtronic plc,reports,Health Care,Health Care Equipment,"Dublin, Ireland",1986-10-31 00:00:00,1613103.0,1949
MRK,Merck & Co.,reports,Health Care,Pharmaceuticals,"Kenilworth, New Jersey",1957-03-04 00:00:00,310158.0,1891
MET,MetLife Inc.,reports,Financials,Life & Health Insurance,"New York, New York",,1099219.0,1868
MTD,Mettler Toledo,reports,Health Care,Life Sciences Tools & Services,"Columbus, Ohio",2016-09-06 00:00:00,1037646.0,1945
MGM,MGM Resorts International,reports,Consumer Discretionary,Casinos & Gaming,"Paradise, Nevada",2017-07-26 00:00:00,789570.0,1986
MCHP,Microchip Technology,reports,Information Technology,Semiconductors,"Chandler, Arizona",2007-09-07 00:00:00,827054.0,1989
MU,Micron Technology,reports,Information Technology,Semiconductors,"Boise, Idaho",1994-09-27 00:00:00,723125.0,1978
MSFT,Microsoft Corp.,reports,Information Technology,Systems Software,"Redmond, Washington",1994-06-01 00:00:00,789019.0,1975
MAA,Mid-America Apartments,reports,Real Estate,Residential REITs,"Memphis, Tennessee",2016-12-02 00:00:00,912595.0,1977
MHK,Mohawk Industries,reports,Consumer Discretionary,Home Furnishings,"Calhoun, Georgia",2013-12-23 00:00:00,851968.0,1878
TAP,Molson Coors Beverage Company,reports,Consumer Staples,Brewers,"Denver, Colorado",1976-06-30 00:00:00,24545.0,"2005 (Molson 1786, Coors 1873)"
MDLZ,Mondelez International,reports,Consumer Staples,Packaged Foods & Meats,"Chicago, Illinois",2012-10-02 00:00:00,1103982.0,2012
MNST,Monster Beverage,reports,Consumer Staples,Soft Drinks,"Corona, California",2012-06-28 00:00:00,865752.0,2012 (1935)
MCO,Moody's Corp,reports,Financials,Financial Exchanges & Data,"New York, New York",,1059556.0,1909
MS,Morgan Stanley,reports,Financials,Investment Banking & Brokerage,"New York, New York",,895421.0,1935
MOS,The Mosaic Company,reports,Materials,Fertilizers & Agricultural Chemicals,"Tampa, Florida",2011-09-26 00:00:00,1285785.0,2004 (1865 / 1909)
MSI,Motorola Solutions Inc.,reports,Information Technology,Communications Equipment,"Chicago, Illinois",,68505.0,1928 (2011)
MSCI,MSCI Inc,reports,Financials,Financial Exchanges & Data,"New York, New York",2018-04-04 00:00:00,1408198.0,1969
NDAQ,"Nasdaq, Inc.",reports,Financials,Financial Exchanges & Data,"New York, New York",2008-10-22 00:00:00,1120193.0,1971
NTAP,NetApp,reports,Information Technology,"Technology Hardware, Storage & Peripherals","Sunnyvale, California",1999-06-25 00:00:00,1002047.0,1992
NFLX,Netflix Inc.,reports,Communication Services,Movies & Entertainment,"Los Gatos, California",2010-12-20 00:00:00,1065280.0,1997
NWL,Newell Brands,reports,Consumer Discretionary,Housewares & Specialties,"Atlanta, Georgia",1989-04-30 00:00:00,814453.0,1903
NEM,Newmont Corporation,reports,Materials,Gold,"Denver, Colorado",1969-06-30 00:00:00,1164727.0,1921
NWSA,News Corp. Class A,reports,Communication Services,Publishing,"New York, New York",2013-08-01 00:00:00,1564708.0,2013 (1980)
NWS,News Corp. Class B,reports,Communication Services,Publishing,"New York, New York",2015-09-18 00:00:00,1564708.0,2013 (1980)
NEE,NextEra Energy,reports,Utilities,Multi-Utilities,"Juno Beach, Florida",1976-06-30 00:00:00,753308.0,1984 (1925)
NLSN,Nielsen Holdings,reports,Industrials,Research & Consulting Services,"New York, New York",2013-07-09 00:00:00,1492633.0,1923
NKE,"Nike, Inc.",reports,Consumer Discretionary,"Apparel, Accessories & Luxury Goods","Washington County, Oregon",1988-11-30 00:00:00,320187.0,1964
NI,NiSource Inc.,reports,Utilities,Multi-Utilities,"Merrillville, Indiana",,1111711.0,1912
NSC,Norfolk Southern Corp.,reports,Industrials,Railroads,"Norfolk, Virginia",1957-03-04 00:00:00,702165.0,1881/1894 (1980)
NTRS,Northern Trust Corp.,reports,Financials,Asset Management & Custody Banks,"Chicago, Illinois",,73124.0,1889
NOC,Northrop Grumman,reports,Industrials,Aerospace & Defense,"West Falls Church, Virginia",1985-06-30 00:00:00,1133421.0,"1994 (Northrop 1939, Grumman 1930)"
NLOK,NortonLifeLock,reports,Information Technology,Application Software,"Tempe, Arizona",2003-03-25 00:00:00,849399.0,1982
NCLH,Norwegian Cruise Line Holdings,reports,Consumer Discretionary,"Hotels, Resorts & Cruise Lines","Miami, Florida",2017-10-13 00:00:00,1513761.0,2011 (1966)
NOV,NOV Inc.,reports,Energy,Oil & Gas Equipment & Services,"Houston, Texas",2005-03-14 00:00:00,1021860.0,1841
NRG,NRG Energy,reports,Utilities,Independent Power Producers & Energy Traders,"Princeton, New Jersey",2010-01-29 00:00:00,1013871.0,1992
NUE,Nucor Corp.,reports,Materials,Steel,"Charlotte, North Carolina",1985-04-30 00:00:00,73309.0,1940
NVDA,Nvidia Corporation,reports,Information Technology,Semiconductors,"Santa Clara, California",2001-11-30 00:00:00,1045810.0,1993
NVR,"NVR, Inc.",reports,Consumer Discretionary,Homebuilding,"Reston, Virginia",2019-09-26 00:00:00,906163.0,1980
ORLY,O'Reilly Automotive,reports,Consumer Discretionary,Specialty Stores,"Springfield, Missouri",2009-03-27 00:00:00,898173.0,1957
OXY,Occidental Petroleum,reports,Energy,Oil & Gas Exploration & Production,"Houston, Texas",1982-12-31 00:00:00,797468.0,1920
ODFL,Old Dominion Freight Line,reports,Industrials,Trucking,"Thomasville, North Carolina",2019-12-09 00:00:00,878927.0,1934
OMC,Omnicom Group,reports,Communication Services,Advertising,"New York, New York",,29989.0,1986
OKE,ONEOK,reports,Energy,Oil & Gas Storage & Transportation,"Tulsa, Oklahoma",2010-03-15 00:00:00,1039684.0,1906
ORCL,Oracle Corp.,reports,Information Technology,Application Software,"Austin, Texas",1989-08-31 00:00:00,1341439.0,1977
OTIS,Otis Worldwide,reports,Industrials,Industrial Machinery,"Farmington, Connecticut",2020-04-03 00:00:00,1781335.0,2020 (1853)
PCAR,PACCAR Inc.,reports,Industrials,Construction Machinery & Heavy Trucks,"Bellevue, Washington",1980-12-31 00:00:00,75362.0,1905
PKG,Packaging Corporation of America,reports,Materials,Paper Packaging,"Lake Forest, Illinois",2017-07-26 00:00:00,75677.0,1959
PH,Parker-Hannifin,reports,Industrials,Industrial Machinery,"Cleveland, Ohio",1985-11-30 00:00:00,76334.0,1917
PAYX,Paychex Inc.,reports,Information Technology,Data Processing & Outsourced Services,"Penfield, New York",,723531.0,1971
PAYC,Paycom,reports,Information Technology,Application Software,"Oklahoma City, Oklahoma",2020-01-28 00:00:00,1590955.0,1998
PYPL,PayPal,reports,Information Technology,Data Processing & Outsourced Services,"San Jose, California",2015-07-20 00:00:00,1633917.0,1998
PNR,Pentair plc,reports,Industrials,Industrial Machinery,"Worsley, UK",2012-10-01 00:00:00,77360.0,1966
PBCT,People's United Financial,reports,Financials,Thrifts & Mortgage Finance,"Bridgeport, Connecticut",2008-11-13 00:00:00,1378946.0,1842
PEP,PepsiCo Inc.,reports,Consumer Staples,Soft Drinks,"Purchase, New York",1957-03-04 00:00:00,77476.0,1898
PKI,PerkinElmer,reports,Health Care,Health Care Equipment,"Waltham, Massachusetts",1985-05-31 00:00:00,31791.0,1937
PRGO,Perrigo,reports,Health Care,Pharmaceuticals,"Dublin, Ireland",2011-12-19 00:00:00,1585364.0,2013 (1887)
PFE,Pfizer Inc.,reports,Health Care,Pharmaceuticals,"New York, New York",1957-03-04 00:00:00,78003.0,1849
PM,Philip Morris International,reports,Consumer Staples,Tobacco,"New York, New York",2008-03-31 00:00:00,1413329.0,2008 (1847)
PSX,Phillips 66,reports,Energy,Oil & Gas Refining & Marketing,"Houston, Texas",2012-05-01 00:00:00,1534701.0,2012 (1917)
PNW,Pinnacle West Capital,reports,Utilities,Multi-Utilities,"Phoenix, Arizona",,764622.0,1985
PXD,Pioneer Natural Resources,reports,Energy,Oil & Gas Exploration & Production,"Irving, Texas",2008-09-24 00:00:00,1038357.0,1997
PNC,PNC Financial Services,reports,Financials,Regional Banks,"Pittsburgh, Pennsylvania",1988-04-30 00:00:00,713676.0,1845
POOL,Pool Corporation,reports,Consumer Discretionary,Distributors,"Covington, Louisiana",2020-10-07 00:00:00,945841.0,1993
PPG,PPG Industries,reports,Materials,Specialty Chemicals,"Pittsburgh, Pennsylvania",1957-03-04 00:00:00,79879.0,1883
PPL,PPL Corp.,reports,Utilities,Electric Utilities,"Allentown, Pennsylvania",,922224.0,1920
PFG,Principal Financial Group,reports,Financials,Life & Health Insurance,"Des Moines, Iowa",2002-07-22 00:00:00,1126328.0,1879
PG,Procter & Gamble,reports,Consumer Staples,Personal Products,"Cincinnati, Ohio",1957-03-04 00:00:00,80424.0,1837
PGR,Progressive Corp.,reports,Financials,Property & Casualty Insurance,"Mayfield Village, Ohio",1997-08-04 00:00:00,80661.0,1937
PLD,Prologis,reports,Real Estate,Industrial REITs,"San Francisco, California",2003-07-17 00:00:00,1045609.0,1983
PRU,Prudential Financial,reports,Financials,Life & Health Insurance,"Newark, New Jersey",2002-07-22 00:00:00,1137774.0,1875
PEG,Public Service Enterprise Group (PSEG),reports,Utilities,Electric Utilities,"Newark, New Jersey",1957-03-04 00:00:00,788784.0,1903
PSA,Public Storage,reports,Real Estate,Specialized REITs,"Glendale, California",2005-08-19 00:00:00,1393311.0,1972
PHM,PulteGroup,reports,Consumer Discretionary,Homebuilding,"Atlanta, Georgia",1984-04-30 00:00:00,822416.0,1956
PVH,PVH Corp.,reports,Consumer Discretionary,"Apparel, Accessories & Luxury Goods","New York, New York",2013-02-15 00:00:00,78239.0,1881
QRVO,Qorvo,reports,Information Technology,Semiconductors,"Greensboro, North Carolina",2015-06-11 00:00:00,1604778.0,2015
PWR,Quanta Services Inc.,reports,Industrials,Construction & Engineering,"Houston, Texas",2009-07-01 00:00:00,1050915.0,1997
QCOM,QUALCOMM Inc.,reports,Information Technology,Semiconductors,"San Diego, California",,804328.0,1985
DGX,Quest Diagnostics,reports,Health Care,Health Care Services,"Secaucus, New Jersey",2002-12-12 00:00:00,1022079.0,1967
RL,Ralph Lauren Corporation,reports,Consumer Discretionary,"Apparel, Accessories & Luxury Goods","New York, New York",2007-02-02 00:00:00,1037038.0,1967
RJF,"Raymond James Financial, Inc.",reports,Financials,Investment Banking & Brokerage,"St. Petersburg, Florida",2017-03-20 00:00:00,720005.0,1962
RTX,Raytheon Technologies,reports,Industrials,Aerospace & Defense,"Waltham, Massachusetts",,101829.0,1922
O,Realty Income Corporation,reports,Real Estate,Retail REITs,"San Diego, California",2015-04-07 00:00:00,726728.0,1969
REG,Regency Centers Corporation,reports,Real Estate,Retail REITs,"Jacksonville, Florida",2017-03-02 00:00:00,910606.0,1963
REGN,Regeneron Pharmaceuticals,reports,Health Care,Biotechnology,"Tarrytown, New York",2013-05-01 00:00:00,872589.0,1988
RF,Regions Financial Corp.,reports,Financials,Regional Banks,"Birmingham, Alabama",1998-08-28 00:00:00,1281761.0,1971
RSG,Republic Services Inc,reports,Industrials,Environmental & Facilities Services,"Phoenix, Arizona",2008-12-05 00:00:00,1060391.0,1998 (1981)
RMD,ResMed,reports,Health Care,Health Care Equipment,"San Diego, California",2017-07-26 00:00:00,943819.0,1989
RHI,Robert Half International,reports,Industrials,Human Resource & Employment Services,"Menlo Park, California",2000-12-05 00:00:00,315213.0,1948
ROK,Rockwell Automation Inc.,reports,Industrials,Electrical Components & Equipment,"Milwaukee, Wisconsin",,1024478.0,1903
ROL,"Rollins, Inc.",reports,Industrials,Environmental & Facilities Services,"Atlanta, Georgia",2018-10-01 00:00:00,84839.0,1948
ROP,Roper Technologies,reports,Industrials,Industrial Conglomerates,"Sarasota, Florida",2009-12-23 00:00:00,882835.0,1981
ROST,Ross Stores,reports,Consumer Discretionary,Apparel Retail,"Dublin, California",2009-12-21 00:00:00,745732.0,1982
RCL,Royal Caribbean Group,reports,Consumer Discretionary,"Hotels, Resorts & Cruise Lines","Miami, Florida",2014-12-05 00:00:00,884887.0,1997
SPGI,S&P Global Inc.,reports,Financials,Financial Exchanges & Data,"New York, New York",,64040.0,1917
CRM,Salesforce.com,reports,Information Technology,Application Software,"San Francisco, California",2008-09-15 00:00:00,1108524.0,1999
SBAC,SBA Communications,reports,Real Estate,Specialized REITs,"Boca Raton, Florida",2017-09-01 00:00:00,1034054.0,1989
SLB,Schlumberger Ltd.,reports,Energy,Oil & Gas Equipment & Services,"Curaçao, Kingdom of the Netherlands",1965-03-31 00:00:00,87347.0,1926
STX,Seagate Technology,reports,Information Technology,"Technology Hardware, Storage & Peripherals","Dublin, Ireland",2012-07-02 00:00:00,1137789.0,1979
SEE,Sealed Air,reports,Materials,Paper Packaging,"Charlotte, North Carolina",1957-03-04 00:00:00,1012100.0,1960
SRE,Sempra Energy,reports,Utilities,Multi-Utilities,"San Diego, California",,1032208.0,1998
NOW,ServiceNow,reports,Information Technology,Systems Software,"Santa Clara, California",2019-11-21 00:00:00,1373715.0,2003
SHW,Sherwin-Williams,reports,Materials,Specialty Chemicals,"Cleveland, Ohio",1964-06-30 00:00:00,89800.0,1866
SPG,Simon Property Group Inc,reports,Real Estate,Retail REITs,"Indianapolis, Indiana",2002-06-26 00:00:00,1063761.0,2003
SWKS,Skyworks Solutions,reports,Information Technology,Semiconductors,"Woburn, Massachusetts",2015-03-12 00:00:00,4127.0,2002
SLG,SL Green Realty,reports,Real Estate,Office REITs,"New York, New York",2015-03-20 00:00:00,1040971.0,1997
SNA,Snap-on,reports,Industrials,Industrial Machinery,"Kenosha, Wisconsin",1982-09-30 00:00:00,91440.0,1920
SO,Southern Company,reports,Utilities,Electric Utilities,"Atlanta, Georgia",1957-03-04 00:00:00,92122.0,1945
LUV,Southwest Airlines,reports,Industrials,Airlines,"Dallas, Texas",1994-07-01 00:00:00,92380.0,1967
SWK,Stanley Black & Decker,reports,Industrials,Industrial Machinery,"New Britain, Connecticut",1982-09-30 00:00:00,93556.0,1843
SBUX,Starbucks Corp.,reports,Consumer Discretionary,Restaurants,"Seattle, Washington",,829224.0,1971
STT,State Street Corp.,reports,Financials,Asset Management & Custody Banks,"Boston, Massachusetts",,93751.0,1792
STE,STERIS plc,reports,Health Care,Health Care Equipment,"Dublin, Ireland",2019-12-23 00:00:00,1757898.0,1985
SYK,Stryker Corp.,reports,Health Care,Health Care Equipment,"Kalamazoo, Michigan",2000-12-12 00:00:00,310764.0,1941
SIVB,SVB Financial,reports,Financials,Regional Banks,"Santa Clara, California",2018-03-19 00:00:00,719739.0,1983
SYF,Synchrony Financial,reports,Financials,Consumer Finance,"Stamford, Connecticut",2015-11-18 00:00:00,1601712.0,2003
SNPS,Synopsys Inc.,reports,Information Technology,Application Software,"Mountain View, California",2017-03-16 00:00:00,883241.0,1986
SYY,Sysco Corp.,reports,Consumer Staples,Food Distributors,"Houston, Texas",1986-12-31 00:00:00,96021.0,1969
TMUS,T-Mobile US,reports,Communication Services,Wireless Telecommunication Services,"Bellevue, Washington",2019-07-15 00:00:00,1283699.0,1994
TROW,T. Rowe Price Group,reports,Financials,Asset Management & Custody Banks,"Baltimore, Maryland",,1113169.0,1937
TTWO,Take-Two Interactive,reports,Communication Services,Interactive Home Entertainment,"New York, New York",2018-03-19 00:00:00,946581.0,1993
TPR,"Tapestry, Inc.",reports,Consumer Discretionary,"Apparel, Accessories & Luxury Goods","New York, New York",,1116132.0,2017
TGT,Target Corp.,reports,Consumer Discretionary,General Merchandise Stores,"Minneapolis, Minnesota",1976-12-31 00:00:00,27419.0,1902
TEL,TE Connectivity Ltd.,reports,Information Technology,Electronic Manufacturing Services,"Schaffhausen, Switzerland",2011-10-17 00:00:00,1385157.0,2007
FTI,TechnipFMC,reports,Energy,Oil & Gas Equipment & Services,"London, United Kingdom",2009-06-05 00:00:00,1681459.0,2017 (1958)
TDY,Teledyne Technologies,reports,Industrials,Aerospace & Defense,"Thousand Oaks, California",2020-06-22 00:00:00,1094285.0,1960
TFX,Teleflex,reports,Health Care,Health Care Equipment,"Wayne, Pennsylvania",2019-01-18 00:00:00,96943.0,1943
TER,Teradyne,reports,Information Technology,Semiconductor Equipment,"North Reading, Massachusetts",2020-09-21 00:00:00,97210.0,1960
TSLA,"Tesla, Inc.",reports,Consumer Discretionary,Automobile Manufacturers,"Palo Alto, California",2020-12-21 00:00:00,1318605.0,2003
TXN,Texas Instruments,reports,Information Technology,Semiconductors,"Dallas, Texas",,97476.0,1930
TXT,Textron Inc.,reports,Industrials,Aerospace & Defense,"Providence, Rhode Island",1978-12-31 00:00:00,217346.0,1923
TMO,Thermo Fisher Scientific,reports,Health Care,Life Sciences Tools & Services,"Waltham, Massachusetts",,97745.0,2006 (1902)
TJX,TJX Companies Inc.,reports,Consumer Discretionary,Apparel Retail,"Framingham, Massachusetts",1985-09-30 00:00:00,109198.0,1987
TSCO,Tractor Supply Company,reports,Consumer Discretionary,Specialty Stores,"Brentwood, Tennessee",2014-01-24 00:00:00,916365.0,1938
TT,Trane Technologies plc,reports,Industrials,Building Products,"Dublin, Ireland",2010-11-17 00:00:00,1466258.0,1871
TDG,TransDigm Group,reports,Industrials,Aerospace & Defense,"Cleveland, Ohio",2016-06-03 00:00:00,1260221.0,1993
TRV,The Travelers Companies Inc.,reports,Financials,Property & Casualty Insurance,"New York, New York",2002-08-21 00:00:00,86312.0,1853
TRMB,Trimble Inc.,reports,Information Technology,Electronic Equipment & Instruments,"Sunnyvale, California",2021-01-21 00:00:00,864749.0,1978
TFC,Truist Financial,reports,Financials,Regional Banks,"Charlotte, North Carolina",1997-12-04 00:00:00,92230.0,1872
TWTR,"Twitter, Inc.",reports,Communication Services,Interactive Media & Services,"San Francisco, California",2018-06-07 00:00:00,1418091.0,2006
TYL,Tyler Technologies,reports,Information Technology,Application Software,"Plano, Texas",2020-06-22 00:00:00,860731.0,1966
TSN,Tyson Foods,reports,Consumer Staples,Packaged Foods & Meats,"Springdale, Arkansas",,100493.0,1935
UDR,"UDR, Inc.",reports,Real Estate,Residential REITs,"Highlands Ranch, Colorado",2016-03-07 00:00:00,74208.0,1972
ULTA,Ulta Beauty,reports,Consumer Discretionary,Specialty Stores,"Bolingbrook, Illinois",2016-04-18 00:00:00,1403568.0,1990
USB,U.S. Bancorp,reports,Financials,Diversified Banks,"Minneapolis, Minnesota",,36104.0,1968
UAA,Under Armour (Class A),reports,Consumer Discretionary,"Apparel, Accessories & Luxury Goods","Baltimore, Maryland",2014-05-01 00:00:00,1336917.0,1996
UA,Under Armour (Class C),reports,Consumer Discretionary,"Apparel, Accessories & Luxury Goods","Baltimore, Maryland",2016-04-08 00:00:00,1336917.0,1996
UNP,Union Pacific Corp,reports,Industrials,Railroads,"Omaha, Nebraska",1957-03-04 00:00:00,100885.0,1862
UAL,United Airlines Holdings,reports,Industrials,Airlines,"Chicago, Illinois",2015-09-03 00:00:00,100517.0,1967
UNH,UnitedHealth Group Inc.,reports,Health Care,Managed Health Care,"Minnetonka, Minnesota",1994-07-01 00:00:00,731766.0,1977
UPS,United Parcel Service,reports,Industrials,Air Freight & Logistics,"Atlanta, Georgia",2002-07-22 00:00:00,1090727.0,1907
URI,"United Rentals, Inc.",reports,Industrials,Trading Companies & Distributors,"Stamford, Connecticut",2014-09-20 00:00:00,1067701.0,1997
UHS,Universal Health Services,reports,Health Care,Health Care Facilities,"King of Prussia, Pennsylvania",2014-09-20 00:00:00,352915.0,1979
UNM,Unum Group,reports,Financials,Life & Health Insurance,"Chattanooga, Tennessee",1994-03-01 00:00:00,5513.0,1999
VLO,Valero Energy,reports,Energy,Oil & Gas Refining & Marketing,"San Antonio, Texas",,1035002.0,1980
VAR,Varian Medical Systems,reports,Health Care,Health Care Equipment,"Palo Alto, California",2007-02-12 00:00:00,203527.0,1948
VTR,Ventas Inc,reports,Real Estate,Health Care REITs,"Chicago, Illinois",2009-03-04 00:00:00,740260.0,1998
VRSN,Verisign Inc.,reports,Information Technology,Internet Services & Infrastructure,"Dulles, Virginia",2006-02-01 00:00:00,1014473.0,1995
VRSK,Verisk Analytics,reports,Industrials,Research & Consulting Services,"Jersey City, New Jersey",2015-10-08 00:00:00,1442145.0,1971
VZ,Verizon Communications,reports,Communication Services,Integrated Telecommunication Services,"New York, New York",1983-11-30 00:00:00,732712.0,1983 (1877)
VRTX,Vertex Pharmaceuticals Inc,reports,Health Care,Biotechnology,"Cambridge, Massachusetts",2013-09-23 00:00:00,875320.0,1989
VFC,VF Corporation,reports,Consumer Discretionary,"Apparel, Accessories & Luxury Goods","Denver, Colorado",1979-06-30 00:00:00,103379.0,1899
VIAC,ViacomCBS,reports,Communication Services,Movies & Entertainment,"New York, New York",,813828.0,2019 (1952)
VTRS,Viatris,reports,Health Care,Pharmaceuticals,"Pittsburgh, Pennsylvania",2004-04-23 00:00:00,1792044.0,1961
V,Visa Inc.,reports,Information Technology,Data Processing & Outsourced Services,"San Francisco, California",2009-12-21 00:00:00,1403161.0,1958
VNT,Vontier,reports,Information Technology,Electronic Equipment & Instruments,"Raleigh, North Carolina",2020-10-09 00:00:00,1786842.0,2019
VNO,Vornado Realty Trust,reports,Real Estate,Office REITs,"New York, New York",,899689.0,1982
VMC,Vulcan Materials,reports,Materials,Construction Materials,"Birmingham, Alabama",1999-06-30 00:00:00,1396009.0,1909
WRB,W. R. Berkley Corporation,reports,Financials,Property & Casualty Insurance,"Greenwich, Connecticut",2019-12-05 00:00:00,11544.0,1967
WAB,Westinghouse Air Brake Technologies Corp,reports,Industrials,Construction Machinery & Heavy Trucks,"Wilmerding, Pennsylvania",2019-02-27 00:00:00,943452.0,1999 (1869)
WMT,Walmart,reports,Consumer Staples,Hypermarkets & Super Centers,"Bentonville, Arkansas",1982-08-31 00:00:00,104169.0,1962
WBA,Walgreens Boots Alliance,reports,Consumer Staples,Drug Retail,"Deerfield, Illinois",1979-12-31 00:00:00,1618921.0,2014
DIS,The Walt Disney Company,reports,Communication Services,Movies & Entertainment,"Burbank, California",1976-06-30 00:00:00,1744489.0,1923
WM,Waste Management Inc.,reports,Industrials,Environmental & Facilities Services,"Houston, Texas",,823768.0,1968
WAT,Waters Corporation,reports,Health Care,Health Care Distributors,"Milford, Massachusetts",,1000697.0,1958
WEC,WEC Energy Group,reports,Utilities,Electric Utilities,"Milwaukee, Wisconsin",2008-10-31 00:00:00,783325.0,1896
WFC,Wells Fargo,reports,Financials,Diversified Banks,"San Francisco, California",1976-06-30 00:00:00,72971.0,1852
WELL,Welltower Inc.,reports,Real Estate,Health Care REITs,"Toledo, Ohio",2009-01-30 00:00:00,766704.0,1970
WST,West Pharmaceutical Services,reports,Health Care,Health Care Supplies,"Exton, Pennsylvania",2020-05-22 00:00:00,105770.0,1923
WDC,Western Digital,reports,Information Technology,"Technology Hardware, Storage & Peripherals","San Jose, California",2009-07-01 00:00:00,106040.0,1970
WU,Western Union Co,reports,Information Technology,Data Processing & Outsourced Services,"Englewood, Colorado",2006-09-29 00:00:00,1365135.0,1851
WRK,WestRock,reports,Materials,Paper Packaging,"Atlanta, Georgia",,1732845.0,2015
WY,Weyerhaeuser,reports,Real Estate,Specialized REITs,"Federal Way, Washington",,106535.0,1900
WHR,Whirlpool Corp.,reports,Consumer Discretionary,Household Appliances,"Benton Harbor, Michigan",,106640.0,1911
WMB,Williams Companies,reports,Energy,Oil & Gas Storage & Transportation,"Tulsa, Oklahoma",1975-03-31 00:00:00,107263.0,1908
WLTW,Willis Towers Watson,reports,Financials,Insurance Brokers,"London, United Kingdom",2016-01-05 00:00:00,1140536.0,2016
WYNN,Wynn Resorts Ltd,reports,Consumer Discretionary,Casinos & Gaming,"Paradise, Nevada",2008-11-14 00:00:00,1174922.0,2002
XEL,Xcel Energy Inc,reports,Utilities,Multi-Utilities,"Minneapolis, Minnesota",1957-03-04 00:00:00,72903.0,1909
XRX,Xerox,reports,Information Technology,"Technology Hardware, Storage & Peripherals","Norwalk, Connecticut",,1770450.0,1906
XLNX,Xilinx,reports,Information Technology,Semiconductors,"San Jose, California",1999-11-08 00:00:00,743988.0,1984
XYL,Xylem Inc.,reports,Industrials,Industrial Machinery,"White Plains, New York",2011-11-01 00:00:00,1524472.0,2011
YUM,Yum! Brands Inc,reports,Consumer Discretionary,Restaurants,"Louisville, Kentucky",1997-10-06 00:00:00,1041061.0,1997
ZBRA,Zebra Technologies,reports,Information Technology,Electronic Equipment & Instruments,"Lincolnshire, Illinois",2019-12-23 00:00:00,877212.0,1969
ZBH,Zimmer Biomet,reports,Health Care,Health Care Equipment,"Warsaw, Indiana",2001-08-07 00:00:00,1136869.0,1927
ZION,Zions Bancorp,reports,Financials,Regional Banks,"Salt Lake City, Utah",2001-06-22 00:00:00,109380.0,1873
ZTS,Zoetis,reports,Health Care,Pharmaceuticals,"Florham Park, New Jersey",2013-06-21 00:00:00,1555280.0,1952
Date,Added,,Removed,,Reason,,,
,Ticker,Security,Ticker,Security,,,,
"January 21, 2021",TRMB,Trimble Inc.,CXO,Concho Resources,S&P 500/100 constituent ConocoPhillips acquired Concho Resources.[6],,,
"January 7, 2021",ENPH,Enphase Energy,TIF,Tiffany & Co.,LVMH Moet Hennessy-Louis Vuitton SE acquired Tiffany & Co.[7],,,
"December 21, 2020",TSLA,"Tesla, Inc.",AIV,Apartment Investment & Management,Apartment Investment and Management (Aimco) spun off Apartment Income REIT.[8],,,
"October 9, 2020",VNT,Vontier,,,S&P 500 constituent Fortive spun off Vontier.[9],,,
"October 7, 2020",POOL,Pool Corporation,ETFC,E*TRADE Financial,Morgan Stanley acquired E*TRADE.[10],,,
"September 21, 2020",ETSY,Etsy,HRB,H&R Block,Market capitalization change.[11],,,
"September 21, 2020",TER,Teradyne,COTY,Coty Inc.,Market capitalization change.[11],,,
"September 21, 2020",CTLT,Catalent,KSS,Kohl's Corp.,Market capitalization change.[11],,,
"June 22, 2020",BIO,Bio-Rad Laboratories,ADS,Alliance Data Systems,Market capitalization change.[12],,,
"June 22, 2020",TDY,Teledyne Technologies,HOG,Harley-Davidson,Market capitalization change.[12],,,
"June 22, 2020",TYL,Tyler Technologies,JWN,Nordstrom,Market capitalization change.[12],,,
"May 22, 2020",WST,West Pharmaceutical Services,HP,Helmerich & Payne,Market capitalization change.[13],,,
"May 12, 2020",DPZ,Domino's Pizza,CPRI,Capri Holdings,Market capitalization change.[14],,,
"May 12, 2020",DXCM,Dexcom,AGN,Allergan,Allergan acquired by AbbVie.[14],,,
"April 3, 2020",OTIS,Otis Worldwide,,,United Technologies spun off Otis and Carrier and acquired Raytheon Company.[15],,,
"April 3, 2020",CARR,Carrier Global,,,United Technologies spun off Otis and Carrier and acquired Raytheon Company.[15],,,
"March 3, 2020",GDI,Gardner Denver,XEC,Cimarex Energy,"Gardner Denver acquired Ingersoll Rand plc's industrial businesses then changed its name to the ""new"" Ingersoll Rand Inc. and later changed the ticker to IR.[16]",,,
"January 28, 2020",PAYC,Paycom,WCG,WellCare,S&P 500 constituent Centene Corp. (NYSE: CNC) acquired Wellcare Health Plans.[17],,,
"December 23, 2019",LYV,Live Nation Entertainment,AMG,Affiliated Managers Group,Market capitalization change.[18],,,
"December 23, 2019",ZBRA,Zebra Technologies,TRIP,TripAdvisor,Market capitalization change.[18],,,
"December 23, 2019",STE,STERIS plc,MAC,Macerich,Market capitalization change.[18],,,
"December 9, 2019",ODFL,Old Dominion Freight Line,STI,SunTrust Banks,BB&T acquired SunTrust to form Truist Financial.[19],,,
"December 5, 2019",WRB,W. R. Berkley Corporation,VIAB,Viacom,CBS acquired Viacom to form ViacomCBS.[20],,,
"November 21, 2019",NOW,ServiceNow,CELG,Celgene,Bristol-Myers Squibb Co. (NYSE:BMY) acquired Celgene.[21],,,
"October 3, 2019",LVS,Las Vegas Sands,NKTR,Nektar Therapeutics,Market Cap changes[22],,,
"September 26, 2019",NVR,NVR Inc,JEF,Jefferies Financial Group Inc,JEF spun off SPB.[23],,,
"September 23, 2019",CDW,CDW,TSS,TSYS,S&P 500 constituent Global Payments Inc. (NYSE: GPN) acquired TSS.[24],,,
"August 9, 2019",LDOS,Leidos Holdings,APC,Anadarko Petroleum,S&P 500 & 100 constituent Occidental Petroleum Corp. (NYSE:OXY) acquired Anadarko Petroleum.[25],,,
"August 9, 2019",IEX,IDEX Corporation,FL,Foot Locker,Foot Locker moved to the S&P MidCap 400.[25],,,
"July 15, 2019",TMUS,T-Mobile US,RHT,Red Hat,S&P 500 & 100 constituent IBM acquired Red Hat.[26],,,
"July 1, 2019",MKTX,MarketAxess,LLL,L3 Technologies,L3 purchased by Harris Corporation[27],,,
"June 7, 2019",BMS,Bemis Co Inc,MAT,Mattel Inc,Bemis merged with Amcor; subsequently renamed to Amcor plc[28],,,
"June 3, 2019",DD,DuPont de Nemours Inc.,DWDP,DowDuPont Inc.,DWDP changed to DD after spinning off Corteva.[29],,,
"June 3, 2019",CTVA,Corteva,FLR,Fluor Corporation,CTVA spun off from DWDP (which then changed symbol to DD)[29],,,
"April 2, 2019",DOW,Dow Inc.,BHF,Brighthouse Financial,DOW spun off from DWDP[30],,,
"February 27, 2019",WAB,Wabtec Corporation,GT,The Goodyear Tire & Rubber Company,WAB acquired GE transportation business[31],,,
"February 15, 2019",ATO,Atmos Energy Corp,NFX,Newfield Exploration,ECA acquired NFX[32],,,
"January 18, 2019",TFX,Teleflex,PCG,PG&E Corp,PCG filed for bankruptcy[33],,,
"January 2, 2019",FRC,First Republic Bank,SCG,SCANA,Dominion Energy acquired SCANA Corporation[34],,,
"December 24, 2018",CE,Celanese,ESRX,Express Scripts,S&P 500 constituent Cigna (NYSE: CI) acquired ESRX[35],,,
"December 3, 2018",LW,Lamb Weston Holdings Inc,COL,Rockwell Collins,UTX acquired COL[36],,,
"December 3, 2018",MXIM,Maxim Integrated Products Inc,AET,Aetna Inc,CVS acquired Aetna[36],,,
"December 3, 2018",FANG,Diamondback Energy,SRCL,Stericycle,Market Capitalization change[36],,,
"November 13, 2018",JKHY,Jack Henry & Associates,EQT,EQT Corp,EQT spun off ETRN[37],,,
"November 6, 2018",KEYS,Keysight Technologies,CA,CA Inc.,CA acquired by Broadcom Inc..[38],,,
"October 11, 2018",FTNT,Fortinet,EVHC,Envision Healthcare,EVHC acquired by Kohlberg Kravis Roberts.[39],,,
"October 1, 2018",ROL,Rollins Inc.,ANDV,Andeavor,ANDV acquired by Marathon Petroleum.[40],,,
"September 14, 2018",WCG,WellCare,XL,XL Group,XL acquired by AXA.[41],,,
"August 28, 2018",ANET,Arista Networks,GGP,GGP Inc.,GGP acquired by Brookfield Property Partners.[42],,,
"July 2, 2018",CPRT,Copart,DPS,Dr Pepper Snapple Group,DPS acquired by Keurig Green Mountain.[43],,,
"June 20, 2018",FLT,FleetCor Technologies,TWX,Time Warner,AT&T acquired Time Warner.[44],,,
"June 18, 2018",BR,Broadridge Financial Solutions,RRC,Range Resources,Capitalization rebalance.[45],,,
"June 18, 2018",HFC,HollyFrontier,AYI,Acuity Brands,Capitalization rebalance.,,,
"June 7, 2018",TWTR,Twitter,MON,Monsanto,Bayer acquired Monsanto.[46],,,
"June 5, 2018",EVRG,Evergy,NAVI,Navient Corp,Westar Energy (NYSE: WR) acquired Great Plains Energy (NYSE: GXP) and changed name to Evergy.[47],,,
"May 31, 2018",ABMD,Abiomed,WYN,Wyndham Worldwide,Wyndham Worldwide spun off Wyndham Hotels & Resorts Inc. (NYSE:WH).[48],,,
"April 4, 2018",MSCI,MSCI,CSRA,CSRA Inc.,S&P 500 constituent General Dynamics Corp. (NYSE: GD) acquired CSRA.[49],,,
"March 19, 2018",TTWO,Take-Two Interactive,SIG,Signet Jewelers,Market capitalization changes.[50],,,
"March 19, 2018",SIVB,SVB Financial,PDCO,Patterson Companies,Market capitalization changes.,,,
"March 19, 2018",NKTR,Nektar Therapeutics,CHK,Chesapeake Energy,Market capitalization changes.,,,
"March 7, 2018",IPGP,IPG Photonics,SNI,Scripps Networks Interactive,Discovery Communications acquired SNI.[51],,,
"January 3, 2018",HII,Huntington Ingalls Industries,BCR,CR Bard,Becton Dickinson acquired BCR.[52],,,
"October 13, 2017",NCLH,Norwegian Cruise Line Holdings,LVLT,Level 3 Communications,CenturyLink Inc acquired LVLT.[53],,,
"September 18, 2017",CDNS,Cadence Design Systems,SPLS,Staples Inc.,Sycamore Partners acquired Staples.[54],,,
"September 1, 2017",DWDP,DowDuPont Inc.,DOW,The Dow Chemical Company,The Dow Chemical Company renamed to DowDuPont Inc. and ticker changed from DOW to DWDP after acquiring DuPont.[55],,,
"September 1, 2017",SBAC,SBA Communications,DD,DuPont,The Dow Chemical Company acquired DuPont.[55],,,
"August 29, 2017",Q,QuintilesIMS,WFM,Whole Foods Market,Amazon.com Inc. acquired Whole Foods Market.[55],,,
"August 8, 2017",BHF,Brighthouse Financial Inc,AN,AutoNation Inc,"BHF replaced AN,[56] MET spun off BHF[56]",,,
"July 26, 2017",DRE,Duke Realty Corp,RIG,Transocean,Market capitalization changes.[57],,,
"July 26, 2017",AOS,A.O. Smith,BBBY,Bed Bath & Beyond,Market capitalization changes.,,,
"July 26, 2017",PKG,Packaging Corporation of America,MUR,Murphy Oil,Market capitalization changes.,,,
"July 26, 2017",RMD,ResMed,MNK,Mallinckrodt,Market capitalization changes.,,,
"July 26, 2017",MGM,MGM Resorts International,RAI,Reynolds American,British American Tobacco plc (NYSE MKT:BTI) acquired Reynolds American.[57],,,
"June 19, 2017",HLT,Hilton Worldwide Holdings Inc.,YHOO,Yahoo! Inc.,VZ acquired YHOO operations; remainder of YHOO converted to closed-end company known as Altaba.[58],,,
"June 19, 2017",ALGN,Align Technology Inc.,TDC,Teradata Corp.,Market capitalization changes.[58],,,
"June 19, 2017",ANSS,ANSYS Inc.,R,Ryder Systems Inc.,,,,
"June 19, 2017",RE,Everest Re Group,MJN,Mead Johnson,Reckitt Benckiser Group plc acquired Mead Johnson Nutrition.[59],,,
"June 2, 2017",INFO,IHS Markit Ltd.,TGNA,"Tegna, Inc.",TGNA spins off Cars.com[60],,,
"April 5, 2017",IT,Gartner Inc,DNB,Dun & Bradstreet,IT acquiring CEB[61],,,
"April 4, 2017",DXC,DXC Technology,SWN,Southwestern Energy,"HPE spins off Everett Inc., merged with CSC to form DXC[62][63]",,,
"March 20, 2017",AMD,Advanced Micro Devices,URBN,Urban Outfitters,Market capitalization changes.[64],,,
"March 20, 2017",RJF,Raymond James Financial,FTR,Frontier Communications,Market capitalization changes.,,,
"March 20, 2017",ARE,Alexandria Real Estate Equities,FSLR,First Solar,Market capitalization changes.,,,
"March 16, 2017",SNPS,Synopsys,HAR,Harman Int'l Industries,Samsung Electronics Co. Ltd. acquired Harman International Industries.[65],,,
"March 13, 2017",DISH,Dish Network,LLTC,Linear Technology,S&P 500 constituent Analog Devices Inc. (NASD:ADI) acquired Linear Technology.[66],,,
"March 2, 2017",REG,Regency Centers Corporation,ENDP,Endo International,REG acquires EQY[67],,,
"March 1, 2017",CBOE,CBOE Holdings,PBI,Pitney Bowes Inc,CBOE acquires BATS[67],,,
"February 28, 2017",INCY,Incyte,SE,Spectra Energy Corp,SE acquired by ENB[67],,,
"January 5, 2017",IDXX,IDEXX Laboratories,STJ,St. Jude Medical,S&P 100 & 500 constituent Abbott Laboratories (NYSE:ABT) acquired St. Jude Medical.[68],,,
"December 2, 2016",MAA,Mid-America Apartments,OI,Owens-Illinois,Market capitalization changes[69],,,
"December 2, 2016",EVHC,Envision Healthcare,LM,Legg Mason,Market capitalization changes,,,
"November 1, 2016",ARNC,Arconic Inc,AA,Alcoa Inc,AA spins off ARNC[70],,,
"September 30, 2016",COTY,"Coty, Inc.",DO,Diamond Offshore Drilling,COTY replaces DO[71],,,
"September 22, 2016",COO,The Cooper Companies,HOT,Starwood Hotels & Resorts Worldwide Inc,MAR acquires HOT[72],,,
"September 8, 2016",CHTR,Charter Communications,EMC,EMC Corporation,Dell acquires EMC[73],,,
"September 6, 2016",MTD,Mettler Toledo,JCI,Johnson Controls Inc,TYC acquires JCI (and becomes new JCI).[74],,,
"July 5, 2016",FTV,Fortive Corp,CPGX,Columbia Pipeline Group,CPGX acquired by TRP[75],,,
"July 1, 2016",LNT,Alliant Energy Corp,GAS,AGL Resources,GAS acquired by SO[76],,,
"July 1, 2016",ALB,Albemarle Corp,TE,TECO Energy,TE acquired by EMA[75],,,
"June 22, 2016",FBHS,Fortune Brands Home & Security,CVC,Cablevision Systems,CVC acquired by Altice NV[77],,,
"June 3, 2016",TDG,TransDigm Group,BXLT,Baxalta Inc,SHPG acquiring BXLT[78],,,
"May 31, 2016",AJG,Arthur J. Gallagher & Co.,CCE,Coca-Cola Enterprises,CCE merging with European bottlers[79],,,
"May 23, 2016",LKQ,LKQ Corporation,ARG,Airgas Inc,ARG acquired by Air Liquide[80],,,
"May 18, 2016",DLR,Digital Realty Trust Inc,TWC,Time Warner Cable,TWC acquired by CHTR[81],,,
"May 13, 2016",ALK,Alaska Air Group Inc,SNDK,SanDisk Corporation,SNDK acquired by WDC[82],,,
"May 3, 2016",AYI,Acuity Brands Inc,ADT,ADT Corp,ADT acquired by APO[83],,,
"April 25, 2016",GPN,Global Payments Inc.,GME,GameStop,Global Payments is acquiring Heartland Payment Systems[84],,,
"April 18, 2016",ULTA,"Ulta Salon, Cosmetics & Fragrance Inc",THC,Tenet Healthcare,Ulta replaces Tenet[85],,,
"April 8, 2016",UA,Under Armour (Class C),,,Under Armour distribution of second class of stock,,,
"April 4, 2016",FL,Foot Locker Inc,CAM,Cameron International,Schlumberger acquired Cameron[86],,,
"March 30, 2016",HOLX,Hologic Inc,POM,Pepco Holdings Inc,Exelon Corp acquired Pepco[87],,,
"March 30, 2016",CNC,Centene Corporation,ESV,Ensco plc (now Valaris plc),Centene acquired Health Net[87],,,
"March 7, 2016",UDR,"UDR, Inc.",GMCR,Keurig Green Mountain,JAB Holding Company acquired Keurig Green Mountain[88],,,
"March 4, 2016",AWK,American Water Works Company Inc,CNX,Consol Energy,AWK replaces CNX[89],,,
"February 22, 2016",CXO,Concho Resources,PCL,Plum Creek Timber,PCL taken over by WY[90],,,
"February 1, 2016",CFG,Citizens Financial Group,PCP,Precision Castparts Corp.,CFG replaces PCP[91],,,
"February 1, 2016",FRT,Federal Realty Investment Trust,BRCM,Broadcom Corporation,FRT replaces BRCM[92],,,
"January 19, 2016",EXR,Extra Space Storage,CB,Chubb Corp,EXR replaces CB[93],,,
"January 5, 2016",WLTW,Willis Towers Watson,FOSL,Fossil Group,WSH merges with TW (and renames to WLTW)[94],,,
"December 29, 2015",CHD,Church & Dwight,ALTR,Altera Corp,ALTR taken over by INTC[95],,,
"December 1, 2015",CSRA,CSRA Inc,CSC,Computer Sciences Corp,CSC spins off CSRA[97],,,
"November 19, 2015",ILMN,Illumina Inc,SIAL,Sigma-Aldrich Corp,Sigma-Aldrich acquired by Merck KGaA (MKGAY)[98],,,
"November 18, 2015",SYF,Synchrony Financial,GNW,Genworth Financial,GE spinning off Synchrony Financial[99],,,
"November 2, 2015",HPE,Hewlett Packard Enterprise,HCBK,Hudson City Bancorp Inc,HPQ spins off HPE[100],,,
"October 7, 2015",VRSK,Verisk Analytics,JOY,Joy Global,Market capitalization change.[101],,,
"September 18, 2015",CMCSK,Comcast Class K Special,,,Share class methodology change[102],,,
"September 18, 2015",FOX,Twenty-First Century Fox Class B,,,Share class methodology change,,,
"September 18, 2015",NWS,News Corporation Class B,,,Share class methodology change,,,
"September 2, 2015",UAL,United Continental Holdings,HSP,Hospira Inc,Hospira taken over[103],,,
"August 28, 2015",ATVI,Activision Blizzard,PLL,Pall Corp,Pall taken over[103],,,
"July 29, 2015",SIG,Signet Jewelers,DTV,DirecTV,DirectTV acquired by AT&T[104],,,
"July 20, 2015",PYPL,PayPal,NE,Noble Corp,PayPal Spun off by eBay[105],,,
"July 8, 2015",AAP,Advance Auto Parts,FDO,Family Dollar Stores Inc.,Family Dollar Acquired.[106],,,
"July 6, 2015",KHC,Kraft Heinz,KRFT,Kraft Foods Group,Kraft merger with Heinz.[107],,,
"July 2, 2015",CPGX,Columbia Pipeline Group,ATI,Allegheny Technologies,Spin off of Columbia Pipeline.[108],,,
"July 1, 2015",JBHT,J. B. Hunt,TEG,Integrys Energy Group Inc.,Integris taken over.[109],,,
"July 1, 2015",BXLT,Baxalta,QEP,QEP Resources,Baxalta spun off by Baxter.[110],,,
"June 11, 2015",QRVO,Qorvo,LO,Lorillard Inc.,Lorillard Inc. gets acquired.[111],,,
"April 7, 2015",O,Realty Income Corporation,WIN,Windstream Holdings Inc,Market capitalization change.[112],,,
"March 23, 2015",AAL,American Airlines Group,AGN,"Allergan, Inc",Allergan acquired by Actavis plc (and changed name to Allergan plc).[113],,,
"March 23, 2015",EQIX,Equinix,DNR,Denbury Resources,Market Capitalization Changes.[114],,,
"March 23, 2015",SLG,SL Green Realty,NBR,Nabors Industries,Market Capitalization Changes.,,,
"March 23, 2015",HBI,Hanesbrands,AVP,Avon Products,Market Capitalization Changes.,,,
"March 18, 2015",HSIC,Henry Schein,CFN,Carefusion,Carefusion acquired by Becton Dickinson[115],,,
"March 12, 2015",SWKS,Skyworks Solutions Inc.,PETM,PetSmart Inc.,PetSmart acquired by private equity consortium[116],,,
"January 27, 2015",HCA,HCA Holdings,SWY,Safeway Inc,Safeway acquired by private equity consortium[117],,,
"January 27, 2015",ENDP,Endo International,COV,Covidien,Covidien acquired by Medtronic[118],,,
"December 5, 2014",RCL,Royal Caribbean Cruises,BMS,Bemis Company,Market cap changes[119],,,
"November 5, 2014",LVLT,Level 3 Communications,JBL,Jabil Circuit,Market cap changes[120],,,
"September 20, 2014",URI,United Rentals,BTU,Peabody Energy,Market cap changes[121],,,
"September 20, 2014",UHS,Universal Health Services,GHC,Graham Holdings,Market cap changes,,,
"August 18, 2014",MNK,Mallinckrodt plc,RDC,Rowan Companies plc,Market cap changes[122],,,
"August 6, 2014",DISCK,Discovery Communications,,,Class C share distribution[123],,,
"July 2, 2014",MLM,Martin Marietta Materials,X,United States Steel Corporation,Market capitalization changes[124],,,
"July 1, 2014",AMG,Affiliated Managers Group,FRX,Forest Laboratories,Actavis acquires Forest Laboratories[125],,,
"June 20, 2014",XEC,Cimarex Energy,IGT,International Game Technology,Market capitalization changes[126],,,
"May 8, 2014",AVGO,Avago Technologies,LSI,LSI Corporation,Avago acquires LSI[127],,,
"May 1, 2014",UAA,Under Armour (Class A),BEAM,Beam Inc.,Beam acquired by Suntory[128],,,
"May 1, 2014",NAVI,Navient,SLM,SLM Corporation,Navient Spun off from SLM[128],,,
"April 3, 2014",GOOGL,Google Inc.,,,Google Class C share distribution[129],,,
"April 2, 2014",ESS,Essex Property Trust Inc,CLF,Cliffs Natural Resources,Market capitalization changes[130],,,
"March 21, 2014",GMCR,Keurig Green Mountain,WPX,"WPX Energy, Inc.",Market capitalization changes[131],,,
"January 24, 2014",TSCO,Tractor Supply Company,LIFE,Life Technologies,Life Technologies acquired by Thermo Fisher Scientific Inc[132],,,
"December 23, 2013",ADS,Alliance Data Systems,ANF,Abercrombie & Fitch,Market capitalization changes.[133],,,
"December 23, 2013",MHK,Mohawk Industries,JDSU,JDS Uniphase,Market capitalization changes,,,
"December 23, 2013",FB,Facebook,TER,Teradyne,Market capitalization changes,,,
"December 10, 2013",GGP,General Growth Properties,MOLX,Molex Inc.,MOLX acquired by Koch Industries.[134],,,
"December 2, 2013",ALLE,Allegion,JCP,J.C. Penney,Allegion spun off by Ingersoll Rand[135],,,
"November 13, 2013",KORS,Michael Kors,NYX,NYSE Euronext,ICE Exchange acquired NYSE Euronext[136],,,
"October 29, 2013",RIG,Transocean,DELL,"Dell, Inc.",Founder Michael Dell and Silver Lake Partners acquired Dell.[137],,,
"September 20, 2013",VRTX,Vertex Pharmaceuticals,AMD,Advanced Micro Devices,Market capitalization changes[138],,,
"September 20, 2013",AME,Ametek,SAI,SAIC,Market capitalization changes,,,
"September 10, 2013",DAL,Delta Air Lines,BMC,BMC Software,BMC taken private by consortium[139],,,
"July 8, 2013",NLSN,Nielsen Holdings,S,Sprint Nextel Corp.,Softbank consortium purchase results in public float below 50%[140],,,
"June 28, 2013",FOXA,21st Century Fox,APOL,Apollo Group Inc.,Apollo Group's market cap more representative of a mid-cap[141],,,
"June 21, 2013",ZTS,Zoetis,FHN,First Horizon,Zoetis spun off by Pfizer[142],,,
"June 6, 2013",GM,General Motors,HNZ,H. J. Heinz Company,HNZ acquired by consortium[143],,,
"May 23, 2013",KSU,Kansas City Southern,DF,Dean Foods,DF too small after spinoff of White Wave Foods[144],,,
"May 8, 2013",MAC,Macerich,CVH,Coventry Health Care,Acquired by Aetna (AET)[145],,,
"April 30, 2013",REGN,Regeneron Pharmaceuticals,PCS,MetroPCS,A majority of MetroPCS was acquired by T-Mobile[146],,,
"February 15, 2013",PVH,PVH Corp.,BIG,Big Lots Inc.,Market capitalization changes[147],,,
"December 31, 2012",ABBV,AbbVie,FII,Federated Investors,ABBV spun off from Abbott Labs (ABT)[148],,,
"December 21, 2012",DLPH,Delphi Automotive,TIE,Titanium Metals,TIE acquired by Precision Cast Parts (PCP)[149],,,
"December 11, 2012",GRMN,Garmin Ltd.,RRD,R.R. Donnelley,Market capitalization changes[150],,,
"December 3, 2012",DG,Dollar General,CBE,Cooper Industries,Acquired by Eaton Corp. (ETN)[151],,,
"October 10, 2012",PETM,"PetSmart, Inc.",SUN,Sunoco Inc.,Acquired by Energy Transfer Partners (ETP)[152],,,
"October 2, 2012",KRFT,Kraft Foods Group,ANR,Alpha Natural Resources,Kraft split into two companies[153],,,
"October 1, 2012",ADT,ADT Corp,LXK,Lexmark Int'l Inc,Tyco spun off ADT[154],,,
"October 1, 2012",PNR,Pentair Ltd.,DV,"DeVry, Inc.",Tyco spin-off merged w/Pentair[154],,,
"September 5, 2012",LYB,LyondellBasell,SHLD,Sears Holding Corporation,SHLD below public float threshold[155],,,
"July 31, 2012",ESV,Ensco plc (now Valaris plc,GR,Goodrich Corporation,Acquired by United Technologies (UTX)[156],,,
"July 2, 2012",STX,Seagate Technology,PGN,Progress Energy Inc,Acquired by Duke Energy (DUK)[157],,,
"June 29, 2012",MNST,Monster Beverage,SLE,Sara Lee Corp.,Split up of Sara Lee[158],,,
"June 5, 2012",LRCX,Lam Research,NVLS,Novellus Systems,Acquired by Lam Research (LRCX)[159],,,
"May 21, 2012",ALXN,Alexion Pharmaceuticals,MMI,Motorola Mobility,Acquired by Google (GOOG)[160],,,
"May 17, 2012",KMI,Kinder Morgan,EP,El Paso Corp.,Acquired by Kinder Morgan (KMI)[161],,,
"April 23, 2012",PSX,Phillips 66,SVU,Supervalu Inc.,ConocoPhillips spun off Phillips 66[162],,,
"April 3, 2012",FOSL,"Fossil, Inc.",MHS,Medco Health Solutions Inc.,Acquired by Express Scripts (ESRX)[163],,,
"March 13, 2012",CCI,Crown Castle International Corp.,CEG,Constellation Energy Group,Acquired by Exelon Corp. (EXC)[164],,,
"December 31, 2011",WPX,"WPX Energy, Inc.",CPWR,Compuware,Market capitalization changes[165],,,
"December 20, 2011",TRIP,TripAdvisor Inc.,TLAB,Tellabs Inc.,Expedia Inc. spun off TripAdvisor Inc.[166],,,
"December 16, 2011",BWA,BorgWarner Inc.,AKS,AK Steel Holding Corp.,Market capitalization changes[167],,,
"December 16, 2011",PRGO,Perrigo Co.,MWW,Monster Worldwide Inc.,Market capitalization changes,,,
"December 16, 2011",DLTR,Dollar Tree Inc.,WFR,MEMC Electronic Materials Inc.,Market capitalization changes,,,
"December 12, 2011",GAS,AGL Resources Inc.,GAS,Nicor Inc.,"Nicor acquired by AGL, which retained the GAS ticker.[168]",,,
"November 18, 2011",CBE,Cooper Industries,JNS,Janus Capital Group,Janus Capital Group's market capitalization is less than $1.2 billion,,,
"October 31, 2011",XYL,Xylem Inc.,ITT,ITT Corp.,Spun off from ITT Corp.[170],,,
"October 14, 2011",TEL,TE Connectivity Ltd.,CEPH,Cephalon Inc.,Acquired by Teva Pharmaceutical Industries (TEVA).[171],,,
"September 23, 2011",MOS,The Mosaic Company,NSM,National Semiconductor Corp.,Acquired by Texas Instruments (TXN).[172],,,
"July 5, 2011",ACN,Accenture plc,MI,Marshall & Iisley Corp.,Marshall & Iisley is being bought by Bank of Montreal[173],,,
"June 30, 2011",MPC,Marathon Petroleum Corp,RSH,RadioShack Corp.,Market capitalization adjustments.[174],,,
"June 1, 2011",ANR,"Alpha Natural Resources, Inc.",MEE,Massey Energy Company,Alpha Natural Resources is acquiring Massey Energy in a deal expected to be,,,
"April 27, 2011",CMG,Chipotle Mexican Grill,NOVL,"Novell, Inc.",Acquired by private equity firms.[176],,,
"April 1, 2011",BLK,BlackRock,GENZ,Genzyme Corp.,Acquired by Sanofi-aventis (SNY)[177],,,
"March 31, 2011",EW,Edwards Lifesciences,Q,Qwest Communications,Acquired by CenturyLink[178],,,
"February 28, 2011",COV,Covidien plc,MFE,McAfee Inc.,Acquired by Intel Corp. (INTC)[179],,,
"February 25, 2011",JOY,Joy Global Inc.,AYE,Allegheny Energy Inc.,Acquired by First Energy (FE).[180],,,
"December 17, 2010",CVC,Cablevision Systems Corp.,KG,King Pharmaceuticals Inc.,Acquired by Pfizer Inc. (PFE).[181],,,
"December 17, 2010",FFIV,F5 Networks Inc.,EK,Eastman Kodak Co.,Market Cap changes.[181],,,
"December 17, 2010",NFLX,Netflix Inc.,ODP,Office Depot Inc.,Market Cap changes.,,,
"December 17, 2010",NFX,Newfield Exploration,NYT,The New York Times Co.,Market Cap changes.,,,
"November 17, 2010",IR,Ingersoll-Rand plc,PTV,Pactiv Corp.,Reynolds Group Holding Ltd. acquired Pactiv.[182],,,
"August 26, 2010",TYC,Tyco International Ltd.,SII,Smith International Inc.,Acquired by Schlumberger Ltd. (SLB)[183],,,
"July 14, 2010",CB,Chubb Limited,MIL,Millipore Inc.,Acquired by Merck KGaA (MKGAY)[184],,,
"June 30, 2010",QEP,QEP Resources,STR,Questar Corp.,"Company split. QEP retained, but ticker changed.[185]",,,
"June 28, 2010",KMX,"CarMax, Inc.",XTO,XTO Energy Inc.,Acquired by ExxonMobil Inc. (XOM)[186],,,
"April 29, 2010",CERN,Cerner Corp.,BJS,BJ Services Company,Acquired by Baker Hughes Inc. (BHI)[187],,,
"February 26, 2010",HP,Helmerich & Payne,RX,IMS Health,Taken private[188],,,
"December 18, 2009",V,Visa Inc.,CIEN,Ciena,Market capitalization change.[189],,,
"December 18, 2009",MJN,Mead Johnson Nutrition,DYN,Dynegy,Market capitalization change.[189],,,
"December 18, 2009",CLF,Cliffs Natural Resources,KBH,KB Home,Market capitalization change.[189],,,
"December 18, 2009",SAIC,SAIC Inc.,CVG,Convergys,Market capitalization change.[189],,,
"November 3, 2009",PCLN,Priceline.com,SGP,Schering-Plough Corp.,Acquired by Merck & Co. (MRK)[190],,,
"September 28, 2009",ARG,Airgas Inc,CBE,Cooper Industries Ltd.,Redomesticated to Ireland[191],,,
"March 3, 2009",HRL,Hormel Foods,ACAS,American Capital,Capitalization rebalance.[192],,,
"March 3, 2009",VTR,Ventas Inc.,JNY,Jones Apparel Group,Capitalization rebalance.,,,
"December 31, 2008",OI,Owens-Illinois,WB,Wachovia Bank,Wachovia Bank acquired by Wells Fargo.[193],,,
"September 16, 2008",HRS,Harris Corporation,LEH,Lehman Brothers,Lehman Brothers bankruptcy.[194],,,
"September 12, 2008",CRM,Salesforce.com,FRE,Freddie Mac,Capitalization rebalance.[195],,,
"September 12, 2008",FAST,Fastenal,FNM,Fannie Mae,Capitalization rebalance.[195],,,
"June 10, 2008",LO,Lorillard Inc.,ABK,Ambac Financial,Market Value Decline[196],,,
"December 20, 2007",RRC,Range Resources,TRB,Tribune Co.,Taken private[197],,,
"December 13, 2007",GME,GameStop,DJ,Dow Jones,Acquired by News Corp.[198],,,
"October 26, 2007",JEC,Jacobs Engineering Group,AV,Avaya Inc.,Taken private[199],,,
"October 2, 2007",EXPE,"Expedia, Inc.",SLR,Solectron,Solectron acquired by Flextronics.[200],,,
"October 1, 2007",TDC,Teradata Corp.,NCR,NCR Corp.,Teradata spun off by NCR Corp.[200],,,
"September 27, 2007",TSO,Tesoro Corp.,MXIM,Maxim Integrated Products,MXIM delisted from NASDAQ exchange.[200],,,
"September 26, 2007",ICE,Intercontinental Exchange,FDC,First Data Corp.,FDC acquired by Kohlberg Kravis Roberts.[200],,,
"August 24, 2007",LUK,Leucadia National,KSE,KeySpan,Acquired by National Grid plc[201],,,
"March 30, 2007",KFT,Kraft Foods,TSG,Sabre Holdings,Taken Private[202],,,
"January 10, 2007",AVB,"AvalonBay Communities, Inc.",SBL,Symbol Technologies,Acquired by Motorola[203],,,
"June 2, 2006",JNPR,Juniper Networks,ABS,Albertsons,Albertsons acquired by SuperValu and CVS Corp.[204],,,
"July 1, 2005",STZ,Constellation Brands,GLK,Great Lakes Chemical,Acquired by Crompton Corp.[205],,,
"September 25, 2003",ESRX,Express Scripts,QTRN,Quintiles Transnational,Taken private[206],,,
"December 5, 2000",INTU,Intuit,BS,Bethlehem Steel,Market Cap changes.[207],,,
"December 5, 2000",SBL,Symbol Technologies,OI,Owens-Illinois,Market Cap changes.,,,
"December 5, 2000",AYE,Allegheny Energy,GRA,W.R. Grace,Market Cap changes.,,,
"December 5, 2000",ABK,Ambac Financial,CCK,Crown Holdings,Market Cap changes.,,,
"July 27, 2000",JDSU,JDS Uniphase,RAD,RiteAid,Market Cap change.[208],,,
"December 7, 1999",YHOO,Yahoo!,LDW,Laidlaw,Market Cap change.[209],,,
