GVKEY,Company,Handle,Twitter_Descr,verified
1045,AMERICAN AIRLINES GROUP INC,americanair,"Official Twitter for the world‚Äôs largest airline. We‚Äôre here for you 24/7. For more about us or a formal response, visit https://t.co/6GJxuwPp4T.",True
1078,ABBOTT LABORATORIES,abbottglobal,"The @AbbottGlobal Twitter page was discontinued on Nov 30, 2020. Follow @AbbottNews for all news and updates moving forward.
TOU: https://t.co/uV6KKpRHLr",True
1161,ADVANCED MICRO DEVICES,amd,Official corporate news about the AMD technology enabling today and inspiring tomorrow.,True
1209,AIR PRODUCTS & CHEMICALS INC,AirProducts,"Industry-leading company of 19,000+ dedicated employees innovating toward a more #sustainable future with #industrialgas solutions & cutting-edge technology.",True
1230,ALASKA AIR GROUP INC,alaskaair,We‚Äôve now reached tweeting altitude. ‚úàÔ∏è Our Social Care team is here 24/7. For a formal response: https://t.co/gu9m8EggyQ #iFlyAlaska,True
1300,HONEYWELL INTERNATIONAL INC,honeywell,"At #Honeywell, we're transforming the way the world works. #futureshaper",True
1356,ALCOA INC,Alcoa,"Alcoa is a global industry leader in bauxite, alumina and aluminum products, with a strong portfolio of cast and rolled products and substantial energy assets.",True
1380,HESS CORP,realsandrahess,"Actor, wife, mom to 4 amazing furries and wanna be gourmet chef. Mortal Kombat, Pensacola Wings Of Gold, Highlander, Nick Fury Agent Of Shield ....",True
1408,BEAM INC,beamng,Bringing soft-body physics to the forefront,True
1447,AMERICAN EXPRESS CO,americanexpress,"Follow Amex's Erica (^E) & Alicia (^A) for insider news, access & more.",True
1449,AFLAC INC,Aflac,"Ready to talk coverage? Send us a Tweet.
Need assistance? @AflacHelpDesk
https://t.co/0Frz1xBTI2",True
1487,AMERICAN INTERNATIONAL GROUP,AIGinsurance,"Global insurance company committed to preparing our clients for what's next. For service, tweet us! üëã  Our Community Guidelines: https://t.co/7bcUQ3GZsV",True
1602,AMGEN INC,amgen,Patients. They're why we develop and manufacture innovative human therapeutics to treat serious diseases. #WeareBiotech Community Guidelines: https://t.co/fo1laM9PxA,True
1663,ANHEUSER-BUSCH COS INC,AnheuserBusch,"America‚Äôs best-loved brewery, making stronger communities & meaningful moments. üç∫ Enjoy responsibly. Content & sharing for 21+. ¬©2020 https://t.co/Lf2DcpQ9ft",True
1878,AUTODESK INC,autodesk,"3D design, engineering, and entertainment software and services. 
Have a question? Visit our community forums: https://t.co/ADDNuPre2j",True
1913,AVERY DENNISON CORP,AveryDennison,We are a global materials science company specializing in the design and manufacture of a wide variety of labeling and functional materials.,True
1920,AVON PRODUCTS,AvonInsider,"Make Life Beautiful.
#NoAnimalTesting üêá",True
2136,VERIZON COMMUNICATIONS INC,verizon,The 5G America's been waiting for. #5GBuiltRight,True
2154,BEMIS CO INC,maxbemis,Tweets by Management               https://t.co/TVQCsBDrQN,True
2176,BERKSHIRE HATHAWAY,WarrenBuffett,Chairman and CEO of Berkshire Hathaway,True
2184,BEST BUY CO INC,bestbuy,Let‚Äôs talk about what‚Äôs possible. Share your best tech with the world using @BestBuy.   Contact @BestBuySupport with customer service questions.,True
2255,BLACK & DECKER CORP,blackanddecker,Tackling that to-do list? You Got This. BLACK+DECKER helps you keep up with life.,True
2269,BLOCK H & R INC,hrblock,"Tax prep doesn‚Äôt have to be hard. At H&R Block, we have many filing options to make it easy for you. Professional tax prep with or without the office visit.",True
2285,BOEING CO,boeing,"Boeing has a tradition of aerospace leadership and innovation, and is committed to investing in the communities where our people work and live worldwide.",True
2290,OFFICEMAX INC,OfficeMax,"For all customer inquiries, please go to @officedepot.",True
2312,ROBERT HALF INTL INC,roberthalf,Robert Half is the world‚Äôs first and largest specialized staffing firm.,True
2403,BRISTOL-MYERS SQUIBB CO,bmsnews,Global Specialty Care BioPharma,True
2435,BROWN FORMAN CORP,BrownForman,Please Drink Responsibly. Legal drinking age only. Don't share with anyone underage. https://t.co/bgrPwujH2G ¬©2021 Brown-Forman. All rights reserved.,True
2547,CIGNA CORP,cigna,"Community that highlights what Cigna is doing around the globe to help improve the health, well-being, and peace of mind of those we serve.",True
2663,CAMPBELL SOUP CO,CampbellSoupCo,We're proud of what we bring to the table: Real food that matters for life's moments. Visit @CampbellCares for help.,True
2710,CONSTELLATION BRANDS,cbrands,Constellation is a leading international producer and marketer of high-end beer and premium wine and spirits brands that are #WorthReachingFor.,True
2751,CARDINAL HEALTH INC,cardinalhealth,"The news handle for Cardinal Health on Twitter, providing up-to-date info and announcements from the public relations team. Twitter disclaimer below.",True
2817,CATERPILLAR INC,caterpillarinc,"For more than 90 years, Caterpillar Inc. has been making sustainable progress possible and driving positive change on every continent.",True
2884,CENTURYLINK INC,centurylink,Transforming lives and businesses through innovative technology solutions. Follow along. Customer support available @CenturyLinkHelp.,True
2968,JPMORGAN CHASE & CO,jpmorgan,"Official account for the latest company news and updates from Asset Management, Private Banking, Commercial Banking, and the Corporate and Investment Bank.",True
2991,CHEVRON CORP,chevron,"our greatest resource is our people. their ingenuity & creativity have met the complex challenges of energy‚Äôs past. together, we‚Äôll take on the future.",True
3024,CHUBB CORP,chubb,Chubb is the world‚Äôs largest publicly traded property and casualty insurer.,True
3105,IHEARTMEDIA INC,iheartmedia,"iHeartMedia, Inc. is one of the leading global media and entertainment companies. For more company information visit http://t.co/34j8b9xuRq.",True
3121,CLOROX CO/DE,clorox,"Clean is just the beginning. 
What comes next is everything.",True
3144,COCA-COLA CO,CocaCola,This holiday season #ShareACoke with the people who lift you up all year long.,True
3170,COLGATE-PALMOLIVE CO,CP_News,Welcome to the official home for Colgate-Palmolive news. #WeAreColgate,True
3221,AON PLC,Aon_plc,"Aon plc (NYSE:AON) is a leading global professional services firm providing a broad range of #risk, #retirement and #health solutions.",True
3226,COMCAST CORP,comcast,Shaping the future at the intersection of media & technology.,True
3243,CITIGROUP INC,citi,Serving as a trusted partner to our clients by responsibly providing financial services that enable growth & economic progress. Customer service: @AskCiti,True
3336,DXC TECHNOLOGY CO,DXCTechnology,We help our customers across the entire enterprise tech stack with differentiated industry solutions. Connect with our award-winning teams across the world.,True
3362,CONAGRA BRANDS INC,conagrabrands,"Conagra Brands is one of North America‚Äôs leading branded food companies. To view our portfolio of brands, visit https://t.co/UsA2WOi5zZ.",True
3413,CONSOLIDATED EDISON INC,conedison,Official Twitter handle for Con Edison. For gas odors leave area & call 911. Report power issues at https://t.co/lVVABPWFeG. Contact us at 1-800-75-CONED.,True
3505,MOLSON COORS BEVERAGE CO,molsoncoors,"Brewing beverages that unite people for more than two centuries.

Only for 21+. Drink Responsibly. PRIV: https://t.co/KfLPjXDQXM T&C: https://t.co/nlJx8PedPo. 800-645-5376.",True
3532,CORNING INC,corning,"Official Twitter of Corning Incorporated; materials science innovator & leader in specialty glass, ceramics & optical physics. Terms: https://t.co/UgtAnA12pG",True
3650,CUMMINS INC,Cummins,"We live in an Always On world that stands at the gateway of a more sustainable future. At Cummins, we're inventing the technology that will take us there.",True
3835,DEERE & CO,johndeere,Nothing runs like a Deere,True
3851,DELTA AIR LINES INC,delta,"Caring for you is our top priority. For the most up to date information on how we‚Äôre responding to COVID-19, visit: https://t.co/l5WcWVfLXl",True
3897,DTE ENERGY CO,dte_energy,Providing breaking news and tips from Michigan‚Äôs largest electric and gas company. Got a question? Message us from 8am-11pm seven days a week.,True
3905,ADTALEM GLOBAL EDUCATION INC,adtalemglobal,"We empower students and professionals to achieve their goals, find success and make inspiring contributions to our global community.",True
3964,DILLARDS INC  -CL A,Dillards,Official Dillard's Twitter,True
4029,DOMINION ENERGY INC,dominionenergy,"Sharing the latest news, info & updates about Dominion Energy. Customers can report outages at https://t.co/PplRNyVKiK. If you suspect an emergency, call 911.",True
4058,DOVER CORP,DoverAthletic,"Official Dover Athletic Football Club twitter feed. Follow @DAFCLiveText for match updates, DoverAthleticFC on Facebook and doverathleticfc on Instagram.",True
4060,DUPONT DE NEMOURS INC,dupont_news,"For over 200 years DuPont has been innovating around you, reinventing itself to bring technology-driven solutions to customers worldwide. Invent a better now.",True
4093,DUKE ENERGY CORP,DukeEnergy,Follow us for all the latest news about Duke Energy. Customers can report outages at https://t.co/gXdbzJZkPs. If you suspect an emergency please call 911.,True
4094,DUN & BRADSTREET CORP,DunBradstreet,Official Dun & Bradstreet Twitter. Our #DNBDataCloud delivers #data & insights to help our clients grow and thrive.,True
4145,PERKINELMER INC,perkinelmer,"Stay informed with news, insights, trends and ways we are making an impact across the diagnostics, life sciences, food and applied markets.",True
4194,EASTMAN KODAK CO,kodak,Enabling creativity since 1880. ‚†Ä ‚†Ä ‚†Ä ‚†Ä ‚†Ä ‚†Ä ‚†Ä ‚†Ä ‚†Ä ‚†Ä,True
4213,ECOLAB INC,Ecolab,"Ecolab is the global leader in water, hygiene and infection prevention solutions - helping businesses succeed while protecting people and vital resources.",True
4242,EL PASO CORP,ElPasoTXGov,Visit https://t.co/W5CPHX2qib to view the City of El Paso's Social Media Policy.,True
4321,EMERSON ELECTRIC CO,Emerson_news,"Where technology and engineering come together to create global solutions, driven without compromise for a world in action.
https://t.co/A6haet3XRx",True
4367,WEATHERFORD INTL PLC,WeatherfordCorp,"Weatherford is one of the largest multinational oilfield service companies, delivering innovative technologies and services worldwide.",True
4383,ATMOS ENERGY CORP,atmosenergy,"This account is not monitored 24/7. If you smell natural gas or suspect gas leak, leave the area immediately and call our 24/7 emergency line: 866.322.8667.",True
4423,EQUIFAX INC,Equifax,"Equifax is a global information solutions company that uses unique data, analytics, tech & expertise to power organizations and individuals around the world.",True
4503,EXXON MOBIL CORP,exxonmobil,The official Twitter page of Exxon Mobil Corporation. Continue the conversation at https://t.co/Kjb8fyf88V. Direct all inquiries to http://t.co/INDDcFZK8u.,True
4517,NEXTERA ENERGY INC,nexteraenergy,"Leading clean energy company ranked No. 1 in the electric and gas utilities industry on Fortune‚Äôs 2019 list of ‚ÄúWorld‚Äôs Most Admired Companies.""",True
4560,FAMILY DOLLAR STORES,myfamilydollar,"Welcome to the official Twitter account of Family Dollar, your home for savings on the products you love‚Ä¶all in 280 characters or less!",True
4598,FEDEX CORP,FedEx,Connecting people and possibilities around the world. Looking for help? Tweet @FedExHelp.,True
4611,MACY'S INC,macys,Must-have fashion & exciting events. Share your fave finds with #macyslove. Need help? DM us.,True
4640,FIFTH THIRD BANCORP,FifthThird,"We‚Äôre here to support your banking needs. Visit https://t.co/GZrBD5oIqE for tips and support. Fifth Third Bank, N.A. Member FDIC.",True
4674,REGIONS FINANCIAL CORP,askregions,"We will respond to tweets Monday-Friday between 8am-5pm CT, and Saturday 8am-12pm.",True
4699,M & T BANK CORP,mandt_bank,"The official channel for news, community updates and helpful information from M&T Bank. For customer support Mon-Fri 8am-4:30pm EST, tweet @MandT_Help.",True
4723,U S BANCORP,usbank,"Official account of U.S. Bank NA. Member FDIC. Equal Housing Lender. For banking help, tweet @askusbank.",True
4839,FORD MOTOR CO,ford,We build the most beloved truck on the road. The most iconic American sports car. And the SUV most people think of when they think of an SUV.,True
4885,FRANKLIN RESOURCES INC,FTI_US,Official Franklin Templeton account. For US investors only. Follow us for global investment perspectives.,True
4988,TEGNA INC,tegna,"Our purpose is to serve the greater good of our communities ‚Äì through empowering stories, impactful investigations and innovative marketing services.",True
4990,GAP INC,gap,Optimistic American style.,True
5046,GENERAL DYNAMICS CORP,GDMS,"We develop mission critical solutions for those that lead, serve and protect the world we live in. #PlatformsSmarter | We're hiring, follow: @GDMS_Careers",True
5047,GENERAL ELECTRIC CO,generalelectric,"Every minute of every day, GE rises to the challenge of building a world that works.",True
5071,GENERAL MILLS INC,generalmills,"News/information from General Mills. Learn more at https://t.co/K7ale2Yhbq, https://t.co/brNL7A0kV1 and https://t.co/Q8ZoS4kQLA",True
5073,GENERAL MOTORS CO,gm,"We‚Äôre on a journey to create a world with zero crashes, zero emissions and zero congestion. See how we‚Äôll get there. Privacy Statement: https://t.co/u3I3TbTZSR",True
5234,GOODYEAR TIRE & RUBBER CO,Goodyear,The official Goodyear Tire & Rubber Co Twitter account affiliated with @GoodyearBlimp and @GoodyearRacing. Wishing you all a #Goodyear.,True
5256,GRAINGER (W W) INC,grainger,Grainger is here for you‚Äîthe hard-working people who keep facilities running and workers working day and night.,True
5439,HALLIBURTON CO,halliburton,One of the world's largest providers of products and services to the energy industry.,True
5518,HASBRO INC,hasbro,Creating the world's best play and entertainment experiences.,True
5568,KRAFT HEINZ CO,KraftHeinzCo,News & information from #HereAtKraftHeinz,True
5589,HERCULES INC,cfhercules,Bienvenidos al Twitter oficial del H√©rcules de Alicante C.F. S√≠guenos tambi√©n en Facebook https://t.co/AGcSuErNmP,True
5597,HERSHEY CO,hersheys,We‚Äôre here to bring people together through the power of chocolate. #heartwarmingtheworld,True
5606,HP INC,HP,"Engineering experiences that amaze. We create technology with a purpose: to make life better for everyone, everywhere. #KeepReinventing.",True
5643,HILTON WORLDWIDE HOLDINGS,Hilton,"Wherever you #travel, we‚Äôll meet you there with a global portfolio of hotels you can count on. #HiltonMemories",True
5680,HOME DEPOT INC,HomeDepot,Helping doers in their home improvement projects. Visit @HDCares for Customer Care support.,True
5709,HORMEL FOODS CORP,HormelFoods,"Official tweets of Hormel Foods Corporation - Inspired People. Inspired Food.‚Ñ¢

¬©Hormel Foods, LLC",True
5723,STARWOOD HOTELS&RESORTS WRLD,sheratonhotels,Where the world comes together.     Member of @marriottbonvoy.,True
5786,HUNTINGTON BANCSHARES,huntington_bank,Official Twitter feed for Huntington Bank. Member FDIC. https://t.co/wRyH3jl2s0,True
5860,ITT INC,itttech,The ITT Technical Institutes are educators helping people build a foundation for the rest of their lives. Tweets made by the ITT Tech Communications Team.,True
6008,INTEL CORP,intel,"Intel news, views & events about global tech innovation. Looking for support? Tweet @IntelSupport",True
6136,INTERPUBLIC GROUP OF COS,InterpublicIPG,"Values-based, Data-fueled, Creatively-driven since 1961.",True
6266,JOHNSON & JOHNSON,JNJNews,"At Johnson & Johnson, we blend heart, science and ingenuity to profoundly change the trajectory of health for humanity. Follow us to learn more and connect.",True
6268,JOHNSON CONTROLS INTL PLC,johnsoncontrols,"105,000 experts globally, dedicated to protecting the environment in a 150 countries & 130 years of innovation, we are the power behind our customers‚Äô mission.",True
6304,KLA CORP,ktla,"KTLA has been keeping Southern California informed since 1947. 

Have great video, photos or story tips? Share with us using #ktla.",True
6375,KELLOGG CO,KelloggCompany,Corporate news from our global HQ in the U.S. Product question? Visit: http://t.co/sKcVDx76xL,True
6502,KROGER CO,kroger,Fresh food. Fresh takes. Fresh For Everyone. ü•¨üçîüçéü•ëü•êüßÅü•íüõí,True
6529,LSI CORP,TulsiGabbard,"former US Presidential candidate. Congresswoman. Wife. Sister. Veteran. Soldier. Surfer. Plant-based foodie.
#StandWithTulsi #EndWastefulWars",True
6669,LENNAR CORP,lennar,"Lennar is a national homebuilding company, offering new homes across America in the most desirable real estate markets.",True
6730,LILLY (ELI) & CO,LillyPad,Lilly unites caring with discovery to create medicines that make life better for people around the world. https://t.co/9QEZusdKd9,True
6742,LINCOLN NATIONAL CORP,LincolnUSForest,"Lincoln National Forest
3463 Las Palomas Rd
Alamogordo, NM 88310
575-434-7200",True
6768,KATE SPADE & CO,katespadeny,"who we are is intertwined with who you are. we are all the heroines of
our own stories. we are kate spade new york.",True
6774,LOCKHEED MARTIN CORP,LockheedMartin,"Customer focus, innovation and purpose are built into everything we do. Lockheed Martin. Your Mission Is Ours¬Æ.",True
6781,LOEWS CORP,Lowes,"As our daily routines change, so do our homes. We‚Äôre with you every step of the way as your #HomeBecomes more than it ever has before.",True
6829,LOWE'S COS INC,Lowes,"As our daily routines change, so do our homes. We‚Äôre with you every step of the way as your #HomeBecomes more than it ever has before.",True
7116,MATTEL INC,Mattel,We are a creations company that inspires the wonder of childhood!,True
7154,MCDONALD'S CORP,McDonalds,Grimace is a close personal friend of mine,True
7163,S&P GLOBAL INC,SPGlobal,We accelerate progress in the world by delivering essential intelligence that's critical for decision-making.,True
7171,MCKESSON CORP,McKesson,"We're a global healthcare company improving care in every setting ‚Äî one product, one partner, one patient at a time.",True
7228,MEDTRONIC PLC,Medtronic,"A global healthcare solutions company ‚Äî committed to improving lives through our medical technologies, services, and solutions.  https://t.co/iIsZotRH8F",True
7241,CVS HEALTH CORP,cvshealth,We are health care innovators with a simple and clear purpose: Helping people on their path to better health. Celebrating our CVS heroes: https://t.co/feddaBmZK5,True
7257,MERCK & CO,Merck,We have always been and always will be inventing for the single greatest purpose: Life. Intended for U.S. residents only. FLS: https://t.co/unmH53cudx,True
7260,MEREDITH CORP,meredith976,"Con mi Virgen siempre! De pie por üáªüá™ Tarot ,Numerolog√≠a Eres un ser √∫nico,eres un ser luz !#LaSuerteEstaEchada #LosAstros @encuentrodeluz1",True
7343,MICRON TECHNOLOGY INC,MicronTech,We're accelerating the transformation of information to intelligence.,True
7366,ENTERGY CORP,entergy,"This page is monitored during business hours. For customer service, please call 1-800-368-3749. To report power outages & emergencies, 1-800-968-8243.",True
7435,3M CO,3M,"Here, we innovate with purpose & use #science every day to create real impact in every life around the world. #LifeWith3M",True
7585,MOTOROLA SOLUTIONS INC,motosolutions,"#MotorolaSolutions, a global leader in mission-critical communications and analytics, makes cities safer and help communities and businesses thrive.",True
7647,BANK OF AMERICA CORP,bankofamerica,"The power to connect with people and exchange ideas. For account issues, please use @BofA_Help",True
7648,NCR CORP,NCRCorporation,"Shaping how people bank, shop, eat & travel since 1884. üßæüõíüì±üçΩ iNCRedibles, show us your #NCRLife. üíö",True
7866,NEW YORK TIMES CO  -CL A,NYTimes,News tips? Share them here: https://t.co/ghL9OoYKMM,True
7922,NORDSTROM INC,nordstrom,Serving customers since 1901. Tweeting since 2008. Customer service: 1-888-282-6060 #nordstrom,True
7970,EVERSOURCE ENERGY,EversourceCT,Eversource is New England's largest energy delivery company.,True
7982,NORTHERN TRUST CORP,NorthernTrust,"Global leader in wealth management, asset servicing and asset management delivering expert advice, educational thought leadership and news.",True
7985,NORTHROP GRUMMAN CORP,northropgrumman,"Northrop Grumman solves the toughest problems in space, aeronautics, defense and cyberspace to meet the ever-evolving needs of our customers worldwide.",True
8007,WELLS FARGO & CO,WellsFargo,"Follow along for all the latest company news and updates. For customer service queries, please follow @Ask_WellsFargo.",True
8245,PNC FINANCIAL SVCS GROUP INC,PNCBank,"Official handle of PNC Bank, providing insights and info to help make the steps for achieving your financial goals easier. For customer service: @PNCBank_Help.",True
8264,PG&E CORP,pge4me,"The official account of Pacific Gas and Electric Company. For emergency assistance call 911, for non-emergencies: 1-800-743-5000.",True
8402,PAYCHEX INC,Paychex,Supporting business owners and HR professionals to help make the complex simple. For 24/7 service: @PaychexService,True
8446,PENNEY (J C) CO,JCPenney,"Your stylish & fun friend who doesn‚Äôt talk too much! üòé
Customer service: DM or call 1.800.322.1189 üì±
Responses may be delayed due to pandemic üò∑",True
8455,PPL CORP,PPLElectric,News & tips from utility serving central/eastern PA. We‚Äôre on Twitter 8 am-7 pm Mon-Fri. Call 1-800-342-5775 or visit us online to report outages & emergencies.,True
8479,PEPSICO INC,Pepsi,"If you‚Äôre looking for hot takes and cold Pepsi, you‚Äôve come to the right place.",True
8530,PFIZER INC,pfizer,Breakthroughs that change patients' lives. Visit https://t.co/YjZgM19rTC to learn more. https://t.co/K5kUC0gbrs,True
8539,EXELON CORP,Exelon,"We believe that reliable, clean and affordable energy is essential to a brighter, more sustainable future. That's performance that drives progress.",True
8549,CONOCOPHILLIPS,conocophillips,We exist to power civilization - Tweets from the ConocoPhillips communications team,True
8551,PVH CORP,PVHCorp,"The Power of Us. The Power of PVH: CALVIN KLEIN, TOMMY HILFIGER, Van Heusen, IZOD, ARROW, Warner‚Äôs, Olga, Geoffrey Beene, True&Co",True
8606,PITNEY BOWES INC,pitneybowes,"Crafting commerce solutions in the areas of e-commerce, financing, shipping, and mailing. Visit @PBCares for customer service.",True
8694,PEPCO HOLDINGS INC,PepcoConnect,"For 24/7 restoration updates or to report an outage, https://t.co/255HqIIZjk, call 1-877-737-2662, or use our mobile app. Account not monitored 24 hours a day.",True
8762,PROCTER & GAMBLE CO,proctergamble,"All day, every day, P&G people are #SteppingUp and serving others as a #ForceForGood. Improving everyday life since 1837. #LeadWithLove",True
9203,ROCKWELL AUTOMATION,ROKAutomation,Rockwell Automation Inc. (NYSE: ROK) We are #ExpandingHumanPossibility by connecting the imaginations of people with the potential of technology,True
9225,ROLLINS INC,wwerollins,Visionary. Leader. Monday Night Messiah.,True
9359,SAFEWAY INC,Safeway,"We're a part of your neighborhood, providing fresh ingredients and more ways to save. https://t.co/by9SDvE9Na",True
9372,ST JUDE MEDICAL INC,StJude,"@StJude Children's Research Hospital ¬Æ is leading the way the world understands, treats and defeats childhood cancer.",True
9667,SHERWIN-WILLIAMS CO,SherwinWilliams,"Your neighborhood store for paints, stains, supplies and color. üé® Share your project pics using #SWColorLove. üõí Order online: https://t.co/up76zy2Uzv",True
9699,SIGMA-ALDRICH CORP,sigmaaldrich,"üî¨üß™üß¨A leading provider of lab & production materials, with the expertise to support you as you make your next scientific breakthrough|For US/CA visitors only",True
9772,SMITH INTERNATIONAL INC,MCO,Welcome to the real McCoy - the official Twitter account of Orlando International Airport. üìû 407-825-2001,True
9777,SMUCKER (JM) CO,smuckers,Smucker‚Äôs¬Æ is committed to offering quality products that bring families together to share memorable meals & moments. Check out @FatherNature for great content!,True
9783,KEYCORP,KeyBank,Helping our communities and clients get ready for tomorrow. Contact customer service @KeyBank_Help. Images shared may be used for marketing. Member FDIC,True
9882,SOUTHWEST AIRLINES,SOUTHWESTAIR,"We run on #SouthwestHeart! Follow to see more from the best Employees and Customers in the world. For a formal response, please use the link provided.",True
9899,AT&T INC,att,Our mission is keeping you connected to the things you love. Our passion is making a difference. We stay connected together.,True
10016,STANLEY BLACK & DECKER INC,StanleyBlkDeckr,Stanley Black & Decker provides the tools and innovative solutions you can trust to get the job done ‚Äî and we have since 1843. #ForThoseWhoMakeTheWorld,True
10035,STATE STREET CORP,StateStreet,A leading financial services provider serving some of the world‚Äôs most sophisticated institutions. https://t.co/XPi7dZ2KAX,True
10096,PUBLIC STORAGE,publicstorage,"Public Storage has thousands of self-storage locations nationwide, for when you move or just need a little more space. Call 866-687-5396 to reserve or get help.",True
10121,NAVIENT CORP,NavienT,#TeamNavient helps customers navigate the path to financial success! Email socialmedia@navient.com for customer service. Social media hours: M-F 8 a.m.-5p.m. ET,True
10187,SUNTRUST BANKS INC,SunTrust,SunTrust and BB&T have joined to become Truist. We're building a better future together. https://t.co/wmvY0dyYmx #truist,True
10466,ANDEAVOR,andeavor,"Andeavor has combined with @MarathonPetroCo, creating the leading U.S. refining, midstream and marketing company.",True
10499,TEXAS INSTRUMENTS INC,txinstruments,"We are a global semiconductor company that designs, manufactures, tests and sells analog and embedded processing chips. Tweets by TIers.",True
10519,TEXTRON INC,Textron,"Textron is known for its powerful brands such as Bell, Cessna, Beechcraft, Hawker, Jacobsen, Kautex, Lycoming, E-Z-GO & Textron Systems.",True
10530,THERMO FISHER SCIENTIFIC INC,ThermoFisher,"Thermo Fisher Scientific Inc. is the world leader in serving science. Our mission is to enable our customers to make the world healthier, cleaner and safer.",True
10631,TOTAL SYSTEM SERVICES INC,total,"Total is a broad #energy company that produces and markets fuels, natural gas and electricity. Our ambition: to become the responsible energy major.",True
10726,TRIBUNE MEDIA CO,tribunemedia,Official source for Tribune Media Company tweets.,True
10793,TYSON FOODS INC  -CL A,tysonfoods,"Tyson Foods, Inc. founded in 1935.",True
10795,UNITED AIRLINES HOLDINGS INC,United,"We're here 24/7 to tell you what you need to know to get you where you want to go. For the latest on health & safety, visit https://t.co/r0KuzPNFBD or text FLYUA.",True
10860,AMEREN CORP,AmerenMissouri,"Delivering safe, reliable energy to MO customers. For gas leaks or downed lines, call us 24/7 at 800.552.7583. Report outages at http://t.co/nt2p5F21nS.",True
10867,UNION PACIFIC CORP,UnionPacific,"Union Pacific operates North America's premier railroad franchise, covering 23 states in the western two-thirds of the United States.",True
10903,UNITEDHEALTH GROUP INC,UnitedHealthGrp,Helping people live healthier lives and helping make the health system work better for everyone. Media inquiries: https://t.co/LUd3techX6,True
10983,RAYTHEON TECHNOLOGIES CORP,RaytheonTech,"195,000 employees, four businesses, 190 years of innovation, one mission: The future of aerospace and defense.",True
10984,SPRINT CORP,Sprint,Joining the @TMobile 5G revolution. Great network. Great value. No compromises. Building America‚Äôs most reliable 5G network.,True
11060,VF CORP,vanityfair,Vanitas vanitatum.,True
11228,VULCAN MATERIALS CO,VulcanInc,The engine behind philanthropist & Microsoft cofounder Paul G. Allen's network. Empowered by Paul's vision to make a positive difference in the world.,True
11259,WALMART INC,walmArt,Where real people go for real good stuff. Save Money. Live Better. Customer support questions? @WalmartHelp,True
11399,WESTERN DIGITAL CORP,WesternDigital,"We're creating environments for data to thrive so people, relationships & experiences thrive. Need help? Visit https://t.co/S29Mj5ukep",True
11465,WHIRLPOOL CORP,whirlpoolcorp,Welcome to the Official Twitter Account of The World‚Äôs Leading Kitchen and Laundry Appliance Company | Customer Service: @WhirlpoolCare | 800-253-1301,True
11506,WILLIAMS COS INC,WilliamsRacing,Official Twitter account of Williams Racing,True
11584,FOOT LOCKER INC,footlocker,"The official Twitter of Foot Locker, House of Hoops by Foot Locker and https://t.co/JAWCfWzjdj.",True
11636,XEROX HOLDINGS CORP,Xerox,"Go Beyond  
https://t.co/M91ZNNCMcB
#BeyondCMYK",True
12123,BIG LOTS INC,biglots,"Live BIG and Save Lots. We help you create cherished memories with affordable solutions for every season, gathering, and celebration! #BigLots",True
12124,MORGAN STANLEY,morganstanley,"Official Twitter account of Morgan Stanley. We provide a range of investment banking, securities, investment management & wealth management services worldwide.",True
12138,PRICE (T. ROWE) GROUP,troweprice,Investment insights to keep you informed and help your clients make better investment decisions. Intended for US audiences. Guidelines:https://t.co/sOgO5t64eM,True
12141,MICROSOFT CORP,microsoft,We‚Äôre on a mission to empower every person and every organization on the planet to achieve more. Support: @MicrosoftHelps,True
12142,ORACLE CORP,oracle,"Leading the cloud. From intelligent business applications to infrastructure, we deliver tomorrow‚Äôs emerging technologies today, like the autonomous database.",True
12151,COTY INC,cotyinc,We celebrate and liberate the diversity of your beauty.,True
12206,DIRECTV,directv,ATT/DIRECTV is ranked #1 in Nationally in Customer Satisfaction for TV Service by @jdpower. Tied in 2020. Visit https://t.co/xF1RXnjVzM for more information,True
12389,HARLEY-DAVIDSON INC,harleydavidson,The official Twitter feed for the Harley-Davidson Motor Company. #HarleyDavidson,True
12441,GARTNER INC,gartner_inc,"We‚Äôre here to help: View our insights, advice and tools to achieve your mission-critical priorities below.",True
12540,ADOBE INC,Adobe,Creativity doesn‚Äôt just open doors. It opens worlds. Join us in celebrating #CreativityForAll. Need help? Reach out to @AdobeCare.,True
12635,FISERV INC,Fiserv,Fiserv (NASDAQ: FISV) is a leading global technology provider serving the financial services industry.,True
12689,KB HOME,kbhome,KB Home. Built on Relationships. #KBHome,True
12756,COCA-COLA EUROPEAN PARTNERS,cocacolaep,"Official tweets from Coca-Cola European Partners (CCEP) the world‚Äôs largest independent Coca-Cola bottler, based on net sales.",True
12788,HARMAN INTERNATIONAL INDS,harman,We engineer solutions to enhance life‚Äôs experiences and simplify the way people interact with technology that connects them to the world. #HARMANConnectsMe,True
12850,CERNER CORP,cerner,We work at the intersection of health care and information technology to relentlessly seek breakthrough innovation that will shape health care of tomorrow.,True
12978,KRAFT FOODS GROUP INC,KraftHeinzCo,News & information from #HereAtKraftHeinz,True
13440,LEVEL 3 COMMUNICATIONS INC,Level3,Level 3 is now @CenturyLink. Please follow us there or visit https://t.co/w0vAwsrB2l to learn more.,True
13646,TIFFANY & CO,TiffanyAndCo,"TIFFANY & CO.‚Äîfounded in New York City in 1837‚Äîis synonymous with superlative diamonds, innovative jewelry design and expert craftsmanship.",True
13714,VIACOMCBS INC,ViacomCBS,We are a global media and entertainment company creating premium content and experiences for audiences in 180+ countries.,True
13988,SCHWAB (CHARLES) CORP,charlesschwab,Be a more informed investor. Follow us for news and insights to help you #Ownyourtomorrow. Disclosures: https://t.co/nswxFWPqQc,True
14225,FASTENAL CO,fastenalcompany,#Fastenal is a business-to-business supply chain solutions company and a wholesale distributor of industrial and construction supplies. #WeAreWhereYouAre,True
14275,FIRST REPUBLIC BANK,firstrepublic,First Republic is a private bank with service at the forefront. It's a privilege to serve you. Member FDIC. Equal Housing Lender.,True
14418,MGM RESORTS INTERNATIONAL,MGMResortsIntl,Vegas done safely is still Vegas. It‚Äôs time to head #BacktoVegas!,True
14438,ADT CORP,ADT,Here to help protect what matters most. #SafeAtHome,True
14477,WASTE MANAGEMENT INC,wastemanagement,Waste Management is the leading provider of comprehensive environmental solutions in North America. Twitter Hours: 8-5 CST (Mon-Fri),True
14489,DELL TECHNOLOGIES INC,delltech,"We help you build your digital future and transform how you work, live and play.",True
14535,EW SCRIPPS  -CL A,EWScrippsCo,Scripps advances understanding of the world through journalism.,True
14624,OFFICE DEPOT INC,OfficeDepot,"Here to help you #KeepBusinessGoing. #DiscoverDepot products & services, & learn how we are making a #DepotDifference in our communities.",True
14650,BMC SOFTWARE INC,bmcsoftware,"BMC helps customers run and reinvent their businesses with open, scalable, and modular solutions to complex IT problems.",True
14934,DEVON ENERGY CORP,DevonEnergy,Devon is a leading oil and gas producer in the U.S. with a premier multi-basin portfolio headlined by a world-class acreage position in the Delaware Basin. $DVN,True
15208,FEDERAL HOME LOAN MORTG CORP,AthenaHomeLoans,"The Game-Changing Goddess of Good Stuff
Athena is helping Aussies pay off their home loan faster.
Life‚Äôs too short for a long home.
#thehomeloanwrecker",True
15247,VALERO ENERGY CORP,ValeroEnergy,"The official Twitter of Valero. Fuel isn‚Äôt just about driving, but the drive to achieve greatness. Follow us and see what happens when you fuel the unexpected.",True
15521,STAPLES INC,staples,"We help teams find fulfillment in Worklife by connecting people, ideas and solutions.",True
15855,NORTONLIFELOCK INC,nortonlifelock,The official NortonLifeLock account for the latest news in #CyberSafety,True
16101,ABBVIE INC,abbvie,AbbVie's global handle featuring biopharmaceutical news & updates managed by our corp digital team. Review our guidelines here: http://t.co/qwZuFRpxk5,True
16721,ELECTRONIC ARTS INC,electronicarts,"Your home for EA news across the UK and Ireland on @EASPORTSFIFA, @Battlefield, @PlayApex, @EAStarWars & more. Need help with an EA title? Contact @EAhelp",True
18699,PTC INC,PTC,PTC unleashes industrial innovation with market-proven solutions that enable companies to drive #digitaltransformation. Learn more: https://t.co/ODzG00fkc5,True
20423,CAESARS ENTERTAINMENT CORP,caesarsent,"Over 50 Destinations. One Empire.
Must be 21+ to gamble. Know When to Stop Before You Start.¬Æ 
Gambling problem? Call 800-522-4700.",True
20548,CABOT OIL & GAS CORP,CabotOG,"A leading independent North American natural gas producer with activity focused on Marcellus Shale in northeastern PA
(NYSE:COG) https://t.co/JV1bOgQ6Ry",True
20686,SYNCHRONY FINANCIAL,synchrony,"We‚Äôre changing what‚Äôs possible for people & businesses in all sorts of ways. For acct support:¬†@AskSynchrony Sun 8a-9p, M/T 8a-10p, W/T 8a-8p, F/S 8a-10p EST",True
20748,ARISTA NETWORKS INC,AristaNetworks,Official news and tweets of Arista Networks: The New Standard in Software Driven Cloud Networking. NYSE: $ANET,True
21825,CITIZENS FINANCIAL GROUP INC,CitizensBank,"Here to help make you ready for whatever‚Äôs next on your journey. Follow us for tips that will prepare you. #MadeReady

For customer service: @AskCitizensBank.",True
22260,HCA HEALTHCARE INC,hcahealthcare,"Above all else, we are committed to the care and improvement of human life.",True
22325,XILINX INC,XilinxInc,"Xilinx is the inventor of the #FPGA, programmable SoCs, and now, the #ACAP. 
#AI #DataCenter #5G",True
23809,AUTOZONE INC,autozone,"Follow us for AutoZone news, online #deals, #DIY #repair tips & more from the nation's leading autoparts retailer. #GetinTheZone @ http://t.co/JoGk3mZxe7",True
23812,REGENERON PHARMACEUTICALS,regeneron,Official channel for Regeneron. We turn science into medicine for people with serious diseases. View our terms of engagement here https://t.co/of3QRL6CsA,True
24344,VERTEX PHARMACEUTICALS INC,vertexpharma,The official Twitter channel dedicated to media announcements & investor communications from Vertex. https://t.co/sZ4ylSrJeU,True
24468,BIOGEN INC,biogen,Official Twitter channel for Biogen. Focused on cutting-edge science and medicine. Community guidelines: http://t.co/Y0FFAiHjRU,True
24800,QUALCOMM INC,Qualcomm,"As we unlock 5G, we‚Äôre transforming industries, creating jobs, and enriching lives.",True
24856,GILEAD SCIENCES INC,GileadSciences,The impossible is not impossible. It‚Äôs simply what hasn‚Äôt been achieved yet. Twitter guidelines: https://t.co/d5rgWCmRtR.,True
24893,WHOLE FOODS MARKET INC,WholeFoods,"We‚Äôre the place to discover new flavors, new favorites and new ideas, whatever those might be. Tag your food obsession of the moment with #MakesMeWhole.",True
25124,LINDE PLC,Lindeplc,Linde is a world leading gases and engineering company working in more than 100 countries worldwide. Imprint: https://t.co/nCOI9jxjGX‚Ä¶,True
25157,FIRST DATA CORP,FirstData,First Data is now @Fiserv. We‚Äôve united to create a global leader in payments and financial technology. Follow @Fiserv for news and product updates.,True
25279,BOSTON SCIENTIFIC CORP,bostonsci,"Official news from Boston Scientific, a leading innovator of less invasive medical solutions that transform lives around the world. (NYSE: $BSX)",True
25338,BED BATH & BEYOND INC,bedbathbeyond,Welcome to our page where you'll find tips & solutions for your home and beyond. Need help? Send us a message! Share your finds with #bedbathandbeyond.,True
25340,D R HORTON INC,DRHorton,"Official Twitter of #DRHorton Homes. Founded in 1978 - America's Largest #Home Builder. #HomeIsDRHorton
Questions or concerns? https://t.co/DlnlnmjDHD",True
25356,EXPRESS SCRIPTS HOLDING CO,ExpressScripts,"We‚Äôre united with our partners in pursuit of a simpler, more sustainable system and better health for all. For customer service, please use @ExpressRxHelp.",True
25434,STARBUCKS CORP,StarBucks,"To inspire and nurture the human spirit ‚Äî one person, one cup and one neighborhood at a time.",True
25783,MCAFEE INC,officialmcafee,"Iconoclast.
Lover of women, adventure and mystery.
Founder of McAfee Anti-virus",True
26156,HEWLETT PACKARD ENTERPRISE,HPE,Official Twitter of Hewlett Packard Enterprise. Sharing our passion for technology & innovation.,True
27333,ADIENT PLC,Adient,"Adient is one of the world's largest, most comprehensive automotive seating and components suppliers.",True
27786,CHESAPEAKE ENERGY CORP,Chesapeake,Chesapeake Energy (NYSE:CHK),True
27914,HUMANA INC,humana,Pursuing our dream of helping people achieve lifelong well-being. To learn more about Humana visit https://t.co/t4fYofD5t6.  Need help? Tweet @HumanaHelp.,True
27928,INTUIT INC,Intuit,"Proud makers of @TurboTax, @QuickBooks, and @Mint. We‚Äôre a mission-driven, global financial platform company that gives everyone the opportunity to prosper.",True
27965,MICROCHIP TECHNOLOGY INC,MicrochipTech,"8-/16-/32-bit MCUs, analog and Flash-IP solutions. We will be most able to respond to customer questions between the hours of 7 am to 5 pm MST",True
28034,CHUBB LTD,chubb,Chubb is the world‚Äôs largest publicly traded property and casualty insurer.,True
28180,O'REILLY AUTOMOTIVE INC,oreillyauto,"Share your #projectcars with us and check in for #DIY tips, advice, and all things O'Reilly Auto. 
#OReillyPowered to be featured.",True
28191,ROYAL CARIBBEAN CRUISES LTD,RoyalCaribbean,We cruise and we tweet. #ComeSeek Privacy Policy https://t.co/oP3JX1hIXY,True
28195,JABIL INC,jabil,"Jabil: a global #manufacturing partner combining expertise in #engineering, #design & #supplychain for the world's biggest brands. #IoT #retail #3DPrinting",True
28349,ALLSTATE CORP,allstate,The brand with the hands advocating for a life well protected in 280 characters or less.,True
28648,PETSMART INC,PETsMART,Use #fortheloveofpets for a chance to be featured on our social accounts üíó,True
28877,KEURIG DR PEPPER INC,drpepper,We‚Äôll donate $1 for every Dr Pepper you purchase from now until December 31st. Find out how ‚¨áÔ∏è‚ÄºÔ∏è,True
28930,MARRIOTT INTL INC,MarriottIntl,Welcome to Marriott International's newsroom on Twitter. Tweeting all things travel and hospitality from Marriott International headquarters.,True
29150,URBAN OUTFITTERS INC,urbanoutfitters,The official UO Twitter.,True
29392,EASTMAN CHEMICAL CO,EastmanChemCo,Eastman is a global advanced materials and specialty additives company that produces a broad range of products found in items people use every day.,True
29804,INVESCO LTD,invescous,Invesco believes in delivering an investment experience designed to help people get more out of life. Important disclosures: https://t.co/Kx73FEDA9N.,True
30990,CAPITAL ONE FINANCIAL CORP,CapitalOne,"At Capital One, we‚Äôre on a mission to change banking for good by offering great products, services, and rewards to our customers.",True
31774,BRIGHTHOUSE FINANL INC,BrighthouseFin,"Build for what's ahead.

We're on a mission to help people achieve financial security.",True
31846,DARDEN RESTAURANTS INC,darden,"Across every one of our unique brands and in every role, we‚Äôre creating a company that matters. Official news, updates and stories from Darden Restaurants.",True
33326,CHAMPIONX CORP,ChampionsLeague,"üá™üá∏: @LigadeCampeones 
üáØüáµ: @UCLJapan 
Under-19: @UEFAYouthLeague",True
33439,PERSPECTA INC,Perspecta,"Perspecta was formed to take on the big challenges, and we know what it takes to enable our customers to build a better nation. In fact, we do that every day.",True
34636,FOX CORP,foxnews,"Follow America's #1 cable news network, delivering you breaking news, insightful analysis, and must-see videos. https://t.co/3gb0b8MMza",True
35035,KONTOOR BRANDS INC,KontoorBrands,Kontoor is a global lifestyle apparel company with a portfolio of iconic denim brands @Wrangler @LeeJeans. Follow us for official company news & updates.,True
35168,CORTEVA INC,corteva,"Corteva Agriscience‚Ñ¢, enriching the lives of farmers and consumers, ensuring progress for generations to come.",True
61483,DAVITA INC,DaVita,"Committed to bold, patient-centric care models, implementing the latest technologies and moving toward integrated care offerings for all. #DaVitaWay",True
61494,HENRY SCHEIN INC,henryschein,"Henry Schein, Inc. is a solutions company for health care professionals powered by a network of people and technology. We are #TeamSchein!
Nasdaq: $HSIC",True
61513,SANDISK CORP,sandisk,"| For Support, please visit https://t.co/0XSHgy5pCp",True
61574,WATERS CORP,rogerwaters,"English rock musician, singer-songwriter, & composer. Best known as bass player, co-lead vocalist, lyricist & principal songwriter in the rock band Pink Floyd.",True
61591,NETAPP INC,NetApp,"In a world of generalists, we are the specialists. #NetApp‚Äã 

Catch the keynotes, get the learnings, & more! #NetAppINSIGHT 2020 on-demand now: https://t.co/7vJov4tWp9",True
61676,CITRIX SYSTEMS INC,citrix,The future of work is the space to succeed. We provide technology that empowers organizations to #UnlockPotential & deliver a better employee experience.,True
61739,HARTFORD FINANCIAL SERVICES,thehartford,Underwriting human achievement for over two hundred years. Follow us on Instagram: https://t.co/fpIABr62m2,True
62263,ALEXION PHARMACEUTICALS INC,AlexionPharma,Alexion is focused on developing & delivering life-changing medicines for people living with rare diseases. Community guidelines: https://t.co/oNr47pAdUs,True
62689,TRAVELERS COS INC,travelers,"Taking care of our customers, communities and each other. https://t.co/zmbqMtnDHy",True
63080,ANSYS INC,ansys,Official Ansys Twitter. #engineering #simulation software   #cfd #fea #hpc #electronics #turbomachinery #iot #multiphysics #5G #electrification #autonomous,True
63501,E TRADE FINANCIAL CORP,etrade,"Welcome to E*TRADE. Follow us for financial insights, commentary, product news and educational events. Disclosure: https://t.co/BJtul9VAM5",True
63669,UNIVISION COMMUNICATIONS INC,univision,"El lugar n√∫mero 1 para tus noticias, entretenimiento, deportes y novelas. Hispanic Heartbeat of America. S√≠guenos en Facebook e Instagram @Univision",True
63892,NATIONAL OILWELL VARCO INC,NOVGlobal,The official Twitter page of National Oilwell Varco.,True
64156,MONSTER WORLDWIDE INC,Monster,"Find the right fit. 

https://t.co/bk1wBj1rXY",True
64166,QUEST DIAGNOSTICS INC,QuestDX,Quest Diagnostics empowers people to take action to improve health outcomes.,True
64410,CARMAX INC,carmax,"The way it should be. 
Need help? We're available from 9A-8P ET Mon-Fri at 1-800-519-1511.",True
64630,TAKE-TWO INTERACTIVE SFTWR,taketwo,"Catch up on the latest SoCal news with @AMartinezLA. Join us on 89.3 @KPCC, weekdays 2-3 PM. (Frequently confused with Take2 interactive)",True
64768,AMAZON.COM INC,amazon,"Official Twitter account of Amazon. 
Contact @AmazonHelp for customer support.
Follow @AmazonNews for the latest news from Amazon.",True
64891,RALPH LAUREN CORP,ralphlauren,Defining timeless style since 1967,True
65417,YUM BRANDS INC,yumbrands,"OFFICIAL Twitter for the parent company of @kfc, @pizzahut, @TacoBell and @HabitBurger.",True
66368,VERISIGN INC,verisign,A global provider of domain name registry services and internet infrastructure.,True
66708,BROADCOM CORP,Broadcom,"Broadcom Inc. (NASDAQ: AVGO) is a global technology leader that designs,
develops and supplies semiconductor and infrastructure software solutions.",True
104432,NORWEGIAN CRUISE LINE HLDGS,CruiseNorwegian,News & exclusive updates from Norwegian Cruise Line! #CruiseNorwegian,True
111864,COGNIZANT TECH SOLUTIONS,cognizant,Cognizant (Nasdaq: CTSH) is dedicated to helping the world's leading companies build stronger businesses‚Äîhelping them go from doing #digital to being digital.,True
112168,REPUBLIC SERVICES INC,RepublicService,Republic Services is an industry leader in U.S. recycling and non-hazardous solid waste disposal. Twitter Customer Service Hours: 8-5 MST (Mon-Fri),True
114524,EBAY INC,ebay,"Now offering
No-fee Authenticity Guarantee on select luxury ‚åöÔ∏è $2K+ and collectible üëü $150+ 
üëÄ the blue check
Questions?¬†@AskeBay is here to help.",True
114628,GOLDMAN SACHS GROUP INC,goldmansachs,"Official Goldman Sachs Twitter account. Follow us for the latest in global and local economic progress, firm news, and thought leadership content.",True
117768,NVIDIA CORP,nvidia,The official handle for NVIDIA. Blog: https://t.co/ohDSqeDJ1D Support: https://t.co/DAKuuuZIg5 All NVIDIA Social Media: https://t.co/MeX69boOTQ,True
118122,APTIV PLC,Aptiv,"Aptiv is a global technology company that develops safer, greener and more connected solutions enabling the future of mobility. #ItsOurMove",True
118577,LIFE TECHNOLOGIES CORP,ThermoFisher,"Thermo Fisher Scientific Inc. is the world leader in serving science. Our mission is to enable our customers to make the world healthier, cleaner and safer.",True
119314,BOOKING HOLDINGS INC,BookingHoldings,"We make it easier for everyone to experience the world through our brands @bookingcom, @kayak, @priceline, @opentable, @agoda and https://t.co/2NxTQDdboS.",True
119417,PEPSI BOTTLING GROUP INC,Pepsi,"If you‚Äôre looking for hot takes and cold Pepsi, you‚Äôve come to the right place.",True
121718,JUNIPER NETWORKS INC,Junipernetworks,"Official updates for Juniper Networks‚Äô news, events and product innovation. https://t.co/coVOLG9Q1d",True
122841,RED HAT INC,redhat,"The leading provider of enterprise open source solutions, using a community-powered approach to deliver Linux, cloud, container, and Kubernetes technologies.",True
124434,BLACKROCK INC,blackrock,We are a global investment manager and technology provider. We are invested in your financial well-being. Disclosures: https://t.co/RdhTcNYQRf,True
125595,AKAMAI TECHNOLOGIES INC,Akamai,"Akamai secures and delivers digital experiences for the world‚Äôs largest companies, keeping apps and experiences closer to users ‚Äî and threats far away.",True
126136,CHARTER COMMUNICATIONS INC,GetSpectrum,"America's fastest growing TV, Internet and Voice company

For Spectrum‚Äôs full privacy policy, please visit https://t.co/lGXkCDsNUe",True
126296,EXPEDIA GROUP INC,ExpediaGroup,"Travel    @expedia  @hotelsdotcom  @vrbo  @orbitz  @hotwire  @egencia
Partner  @ExpediaLPS  @expediamedia  @expediapartners
Work      @lifeatEG @expediagroupENG",True
133366,EDWARDS LIFESCIENCES CORP,EdwardsLifesci,Official feed of Edwards Lifesciences. Committed to addressing the unmet needs of patients with structural heart disease and the critically ill.,True
133768,METLIFE INC,metlife,Navigating life together. For terms and conditions visit https://t.co/Nfck6AS6qJ,True
135484,FRONTIER COMMUNICATIONS CORP,frontiercorp,"Official tweets for Frontier Communications, your local provider of phone, internet, and TV. Contact us: @AskFrontier or 1.866.573.9972.",True
135990,NRG ENERGY INC,nrgenergy,"A Fortune 500, NRG is the leading integrated power company in the United States.",True
141459,GARMIN LTD,Garmin,Engineered on the inside for life on the outside. Questions? Visit https://t.co/X8hmSwm2ec. For more visit us at https://t.co/8Vs2SYClHA or in person https://t.co/qdt7qb1g5s.,True
142460,PEABODY ENERGY CORP,peabodyenergy,"Peabody is the leading global pure-play coal company, serving power and steel customers in more than 25 countries on six continents.",True
142953,MONDELEZ INTERNATIONAL INC,MDLZ,Official home for news about Mondelƒìz International and our iconic brands. We empower people to snack right around the world! DM for product questions.,True
143356,PRUDENTIAL FINANCIAL INC,Prudential,"We solve Investment, Insurance and Retirement challenges, helping individuals, organizations and communities reach their goals. https://t.co/c65ToDxlxM @PruHelp",True
143357,ACCENTURE PLC,Accenture,"Together, we deliver on the promise of technology and human ingenuity. Let there be change.",True
145046,ANTHEM INC,anthemgame,"The official Twitter page for Anthem‚Ñ¢, from @BioWare and @EA. For game support, please contact @EAHelp. #StrongerTogether",True
145049,GAMESTOP CORP,gamestop,"‚Üë‚Üë‚Üì‚Üì‚Üê‚Üí‚Üê‚ÜíB A START | For support, DM @GameStopHelp or visit https://t.co/PFOjkLLCl5",True
145701,PRINCIPAL FINANCIAL GRP INC,principal,"We are Principal Financial Group¬Æ. We help people and companies around the world build, protect and advance their financial well-being. https://t.co/qUCX8DmrrI",True
145977,ADVANCE AUTO PARTS INC,AdvanceAuto,We like cars. How about you?  Vroom Vroom #AdvanceFleet,True
147579,NETFLIX INC,netflix,Black Lives Matter. Black Stories Matter. Follow @StrongBlackLead,True
149070,CME GROUP INC,cmegroup,"CME Group is the world‚Äôs leading and most diverse derivatives marketplace, made up of four exchanges, CME, CBOT, NYMEX and COMEX.",True
149318,WYNN RESORTS LTD,WynnLasVegas,"A luxury Las Vegas resort. Offering award-winning rooms & suites, signature restaurants, world-class shopping & nightly entertainment. #WynnLasVegas",True
149337,NASDAQ INC,nasdaq,"At Nasdaq, we're relentlessly reimagining the markets of today. Not by chasing the possibilities of tomorrow, but by creating them. ‚úçÔ∏è #RewriteTomorrow",True
150937,SEAGATE TECHNOLOGY PLC,Seagate,The world leader in storage solutions. Pioneering the datasphere. For support @AskSeagate,True
157855,SALESFORCE.COM INC,Salesforce,"We bring companies and customers together on the #1 CRM. Sharing the news, events, and innovation you need to change the world for good. Support: @asksalesforce",True
158354,GENWORTH FINANCIAL INC,Genworth,Helping families have ‚Äúthe talk‚Äù about long term care planning. Need us? Call 888-GENWORTH.,True
160225,MASTERCARD INC,MasterCard,"Every day is a chance to make someone‚Äôs day. #StartSomethingPriceless. 
For customer support, tweet us at @AskMastercard!",True
160479,EXTRA SPACE STORAGE INC,extraspace,Life transitions are difficult. We make them easier.,True
160991,DIGITAL REALTY TRUST INC,digitalrealty,Digital Realty connects physical and virtual worlds by powering digital business with a fit for purpose global data center platform.,True
163610,INTERCONTINENTAL EXCHANGE,ice_markets,"We tweet market insights about our multiple asset classes: Energy, fixed income, equities, interest rates, agriculture, forex, credit, and metals",True
164296,DISCOVERY INC,discovery,We'll bring the world to you.,True
164708,AMERIPRISE FINANCIAL INC,Ameriprise,"As a leader in financial planning, Ameriprise Financial, LLC. has helped millions of clients achieve their financial goals for more than 120 years.",True
165052,UNDER ARMOUR INC,UnderArmour,Under Armour makes you better. #TheOnlyWayIsThrough,True
165914,CHIPOTLE MEXICAN GRILL INC,chipotletweets,Cultivate a better world.,True
165993,FIDELITY NATIONAL INFO SVCS,fidelity,Fidelity provides financial expertise to help people live the lives they want. For our Twitter guidelines and legal information: http://t.co/QwylZKshY1,True
170617,FACEBOOK INC,facebook,Our mission is to give people the power to build community and bring the world closer together.,True
170841,PHILLIPS 66,Phillips66Co,Official Twitter account of Phillips 66.,True
174022,REALOGY HOLDINGS CORP,realogy,"Realogy is the leading and most integrated provider of U.S. residential real estate services, featuring some of the most recognized names in real estate.",True
174729,WYNDHAM DESTINATIONS INC,wyndestinations,We believe in putting the world on #vacation. We believe in finding your perfect place. We believe in hospitality with heart. Our world is your #destination.,True
175263,WESTERN UNION CO,WesternUnion,"WU offers our customers the power to send money to over 200 countries & territories through the mobile app, online or our Agent locations.",True
177267,TE CONNECTIVITY LTD,teconnectivity,"$12 billion industrial technology leader creating a safer, sustainable, productive, and more connected future. #EveryConnectionCounts",True
177376,DISCOVER FINANCIAL SVCS,Discover,"Thanks to your #EatItForward nominations, Discover is giving Black-owned restaurants a total of $5 million this year! See our winners so far in the link below.",True
178507,MSCI INC,MSCI_Inc,"An independent provider of research-driven insights, tools & #indices for investors, based on over 50 years‚Äô academic research & real-world experience.",True
178704,ULTA BEAUTY INC,ultabeauty,The Possibilities Are Beautiful.‚ú®,True
179437,AMERICAN WATER WORKS CO INC,amwater,We Keep Life Flowing,True
179534,VISA INC,Visa,You keep chasing your dreams. We‚Äôll help you reach them faster.  Visa. Everywhere You Want to Be,True
179700,DR PEPPER SNAPPLE GROUP INC,drpeppersnapple,Serving up flavorful tweets from Dr Pepper Snapple Group.,True
180405,ACTIVISION BLIZZARD INC,ATVI_AB,Activision Blizzard is one of the world's largest and most successful standalone interactive entertainment companies @activision @blizzard_ent @king_games,True
180711,BROADCOM INC,Broadcom,"Broadcom Inc. (NASDAQ: AVGO) is a global technology leader that designs,
develops and supplies semiconductor and infrastructure software solutions.",True
183377,FORTINET INC,fortinet,"The Fortinet #SecurityFabric platform secures the largest enterprise, service provider, and government organizations around the world.",True
184500,CBOE GLOBAL MARKETS INC,CBOE,"We‚Äôre #DefiningMarkets to benefit all participants through product innovation, leading edge technology and seamless trading solutions.",True
186989,MARATHON PETROLEUM CORP,marathonpetroco,Marathon Petroleum Corporation (MPC) 2020 'ENERGY STAR Partner of the Year' -EPA,True
199356,TRIPADVISOR INC,TripAdvisor,Find the good out there. #TheresGoodOutThere,True
260774,CBRE GROUP INC,CBRE,A globally integrated commercial real estate and investment services firm that transforms real estate into real advantage.,True
2490,BURLINGTON NORTHERN SANTA FE,metraBNSF,"Metra provides service to and from downtown Chicago with 242 stations over 11 routes totaling nearly 500 route miles & approx. 1,200 miles of track.",True
4066,OMNICOM GROUP,Omnicom,Global leader in marketing communications and innovations for the connected age. Home to the industry‚Äôs most creative minds and top analytical talent.,True
5074,ELECTRONIC DATA SYSTEMS CORP,baesystemsinc,"BAE Systems, Inc. is a global company engaged in the development and delivery of advanced defense, security & aerospace systems in the air, on land and at sea.",True
5783,HUNT (JB) TRANSPRT SVCS INC,jbhuntdrivers,"Every mile. Every day. Drivers deliver.
Be a part of the conversation!",True
6435,KIMBERLY-CLARK CORP,KCCorp,Kimberly-Clark and our well-known brands are passionate about providing you with the essentials for a better life.,True
7906,NIKE INC  -CL B,nike,#BlackLivesMatter,True
8810,PUBLIC SERVICE ENTRP GRP INC,RepublicService,Republic Services is an industry leader in U.S. recycling and non-hazardous solid waste disposal. Twitter Customer Service Hours: 8-5 MST (Mon-Fri),True
8823,PULTEGROUP INC,PulteHomes,Pulte Homes are built for life and how you live it! Homeowner assistance: socialcare@pultegroup.com.,True
9850,SOUTHERN CO,southerncompany,America's premier energy company building the future of energy through its subsidiaries.,True
10190,SUPERVALU INC,supervaluirl,"SuperValu is Ireland‚Äôs leading food retailer with 220 stores nationwide. Follow us for the latest news on great offers, competitions, recipes & more. #SuperValu",True
11264,WALGREENS BOOTS ALLIANCE INC,walgreens,We champion the health and well-being of every community in America.,True
20779,CISCO SYSTEMS INC,Cisco,"Official info on Cisco news, events and technology innovation. For help, reach out to @Cisco_Support or @HeyCisco.",True
25056,TIME WARNER INC,WarnerBros,Welcome to the official Twitter page for Warner Bros. Entertainment.,True
26304,CSRA INC,CSRA_inc,"Every day CSRA brings next generation thinking, delivered today.",True
29155,CARS.COM INC,carsdotcom,"With over half a billion connections made, just tell us what you like and meet a car you'll love. #WeMetOnCars",True
61567,LAUDER (ESTEE) COS INC -CL A,EsteeLauder,‚ÄúBe aware of your infinite possibilities.‚Äù - Est√©e Lauder üíÑ Discover all things beauty from Est√©e Lauder.,True
65345,AMERICAN CAPITAL LTD,abcapital,Protecting | Investing | Financing,True
138205,ILLUMINA INC,illumina,Illumina is dedicated to advancing human health by unlocking the power of the genome.,True
162448,ALPHA NATURAL RESOURCES INC,ONresources,Official account of Ontario‚Äôs Ministry of Natural Resources and Forestry. Terms of use https://t.co/ppsyJGAMDj. En fran√ßais @ONressources,True
174130,EMBARQ CORP,centurylink,Transforming lives and businesses through innovative technology solutions. Follow along. Customer support available @CenturyLinkHelp.,True
179621,PHILIP MORRIS INTERNATIONAL,InsidePMI,We‚Äôre designing a #smokefree future. Find out how: https://t.co/R6mvUvv9fz #Unsmoke Your Mind,True
